{
  "ohos-module-entry": {
    "SELECT_TARGET": "default",
    "MODULE_BUILD_DIR": "/Users/jason/DevEcoStudioProjects/ohos_pull_to_refresh/entry/build",
    "TARGETS": {
      "default": {
        "SOURCE_ROOT": "/Users/jason/DevEcoStudioProjects/ohos_pull_to_refresh/entry/src/main",
        "RESOURCES_PATH": [
          "/Users/jason/DevEcoStudioProjects/ohos_pull_to_refresh/entry/src/main/resources"
        ],
        "BUILD_PATH": {
          "OUTPUT_PATH": "/Users/jason/DevEcoStudioProjects/ohos_pull_to_refresh/entry/build/default/outputs/default",
          "INTERMEDIA_PATH": "/Users/jason/DevEcoStudioProjects/ohos_pull_to_refresh/entry/build/default/intermediates",
          "JS_ASSETS_PATH": "/Users/jason/DevEcoStudioProjects/ohos_pull_to_refresh/entry/build/default/intermediates/loader_out/default",
          "JS_LITE_ASSETS_PATH": "/Users/jason/DevEcoStudioProjects/ohos_pull_to_refresh/entry/build/default/intermediates/loader_out_lite/default",
          "RES_PATH": "/Users/jason/DevEcoStudioProjects/ohos_pull_to_refresh/entry/build/default/intermediates/res/default",
          "RES_PROFILE_PATH": "/Users/jason/DevEcoStudioProjects/ohos_pull_to_refresh/entry/build/default/intermediates/res/default/resources/base/profile",
          "ETS_SUPER_VISUAL_PATH": "/Users/jason/DevEcoStudioProjects/ohos_pull_to_refresh/entry/build/default/cache/default/default@CompileArkTS/esmodule",
          "JS_SUPER_VISUAL_PATH": "/Users/jason/DevEcoStudioProjects/ohos_pull_to_refresh/entry/build/default/cache/default/default@CompileJS/jsbundle",
          "WORKER_LOADER": "/Users/jason/DevEcoStudioProjects/ohos_pull_to_refresh/entry/build/default/intermediates/loader/default/loader.json",
          "MANIFEST_JSON": "/Users/jason/DevEcoStudioProjects/ohos_pull_to_refresh/entry/build/default/intermediates/manifest/default",
          "OUTPUT_METADATA_JSON": "/Users/jason/DevEcoStudioProjects/ohos_pull_to_refresh/entry/build/default/intermediates/hap_metadata/default/output_metadata.json",
          "SOURCE_MAP_DIR": "/Users/jason/DevEcoStudioProjects/ohos_pull_to_refresh/entry/build/default/intermediates/source_map/default"
        },
        "BUILD_OPTION": {
          "debuggable": true
        }
      },
      "ohosTest": {
        "SOURCE_ROOT": "/Users/jason/DevEcoStudioProjects/ohos_pull_to_refresh/entry/src/ohosTest",
        "RESOURCES_PATH": [
          "/Users/jason/DevEcoStudioProjects/ohos_pull_to_refresh/entry/src/ohosTest/resources"
        ],
        "BUILD_PATH": {
          "OUTPUT_PATH": "/Users/jason/DevEcoStudioProjects/ohos_pull_to_refresh/entry/build/default/outputs/ohosTest",
          "INTERMEDIA_PATH": "/Users/jason/DevEcoStudioProjects/ohos_pull_to_refresh/entry/build/default/intermediates",
          "JS_ASSETS_PATH": "/Users/jason/DevEcoStudioProjects/ohos_pull_to_refresh/entry/build/default/intermediates/loader_out/ohosTest",
          "JS_LITE_ASSETS_PATH": "/Users/jason/DevEcoStudioProjects/ohos_pull_to_refresh/entry/build/default/intermediates/loader_out_lite/ohosTest",
          "RES_PATH": "/Users/jason/DevEcoStudioProjects/ohos_pull_to_refresh/entry/build/default/intermediates/res/ohosTest",
          "RES_PROFILE_PATH": "/Users/jason/DevEcoStudioProjects/ohos_pull_to_refresh/entry/build/default/intermediates/res/ohosTest/resources/base/profile",
          "ETS_SUPER_VISUAL_PATH": "/Users/jason/DevEcoStudioProjects/ohos_pull_to_refresh/entry/build/default/cache/ohosTest/ohosTest@OhosTestCompileArkTS/esmodule",
          "JS_SUPER_VISUAL_PATH": "/Users/jason/DevEcoStudioProjects/ohos_pull_to_refresh/entry/build/default/cache/ohosTest/ohosTest@OhosTestCompileJS/jsbundle",
          "WORKER_LOADER": "/Users/jason/DevEcoStudioProjects/ohos_pull_to_refresh/entry/build/default/intermediates/loader/ohosTest/loader.json",
          "MANIFEST_JSON": "/Users/jason/DevEcoStudioProjects/ohos_pull_to_refresh/entry/build/default/intermediates/manifest/ohosTest",
          "OUTPUT_METADATA_JSON": "/Users/jason/DevEcoStudioProjects/ohos_pull_to_refresh/entry/build/default/intermediates/hap_metadata/ohosTest/output_metadata.json",
          "SOURCE_MAP_DIR": "/Users/jason/DevEcoStudioProjects/ohos_pull_to_refresh/entry/build/default/intermediates/source_map/ohosTest"
        },
        "BUILD_OPTION": {
          "debuggable": true
        }
      }
    },
    "BUILD_OPTION": {
      "default-default": {
        "debuggable": true,
        "copyFrom": "default",
        "strictMode": {
          "useNormalizedOHMUrl": true
        },
        "name": "debug"
      }
    },
    "BUILD_PROFILE_OPT": {
      "apiType": "stageMode",
      "buildOption": {},
      "buildOptionSet": [
        {
          "name": "release",
          "arkOptions": {
            "obfuscation": {
              "ruleOptions": {
                "enable": true,
                "files": [
                  "./obfuscation-rules.txt"
                ]
              }
            }
          }
        },
        {
          "name": "default"
        },
        {
          "name": "debug"
        }
      ],
      "targets": [
        {
          "name": "default"
        },
        {
          "name": "ohosTest"
        }
      ]
    },
    "BUILD_CACHE_DIR": ""
  },
  "ohos-module-library": {
    "SELECT_TARGET": "default",
    "MODULE_BUILD_DIR": "/Users/jason/DevEcoStudioProjects/ohos_pull_to_refresh/library/build",
    "TARGETS": {
      "default": {
        "SOURCE_ROOT": "/Users/jason/DevEcoStudioProjects/ohos_pull_to_refresh/library/src/main",
        "RESOURCES_PATH": [
          "/Users/jason/DevEcoStudioProjects/ohos_pull_to_refresh/library/src/main/resources"
        ],
        "BUILD_PATH": {
          "OUTPUT_PATH": "/Users/jason/DevEcoStudioProjects/ohos_pull_to_refresh/library/build/default/outputs/default",
          "INTERMEDIA_PATH": "/Users/jason/DevEcoStudioProjects/ohos_pull_to_refresh/library/build/default/intermediates",
          "JS_ASSETS_PATH": "/Users/jason/DevEcoStudioProjects/ohos_pull_to_refresh/library/build/default/intermediates/loader_out/default",
          "JS_LITE_ASSETS_PATH": "/Users/jason/DevEcoStudioProjects/ohos_pull_to_refresh/library/build/default/intermediates/loader_out_lite/default",
          "RES_PATH": "/Users/jason/DevEcoStudioProjects/ohos_pull_to_refresh/library/build/default/intermediates/res/default",
          "RES_PROFILE_PATH": "/Users/jason/DevEcoStudioProjects/ohos_pull_to_refresh/library/build/default/intermediates/res/default/resources/base/profile",
          "ETS_SUPER_VISUAL_PATH": "/Users/jason/DevEcoStudioProjects/ohos_pull_to_refresh/library/build/default/cache/default/default@HarCompileArkTS/esmodule",
          "JS_SUPER_VISUAL_PATH": "/Users/jason/DevEcoStudioProjects/ohos_pull_to_refresh/library/build/default/cache/default/default@HarCompileJS/jsbundle",
          "WORKER_LOADER": "/Users/jason/DevEcoStudioProjects/ohos_pull_to_refresh/library/build/default/intermediates/loader/default/loader.json",
          "MANIFEST_JSON": "/Users/jason/DevEcoStudioProjects/ohos_pull_to_refresh/library/build/default/intermediates/manifest/default",
          "OUTPUT_METADATA_JSON": "/Users/jason/DevEcoStudioProjects/ohos_pull_to_refresh/library/build/default/intermediates/hap_metadata/default/output_metadata.json",
          "SOURCE_MAP_DIR": "/Users/jason/DevEcoStudioProjects/ohos_pull_to_refresh/library/build/default/intermediates/source_map/default"
        },
        "BUILD_OPTION": {
          "debuggable": true
        }
      }
    },
    "BUILD_OPTION": {
      "default-default": {
        "debuggable": true,
        "copyFrom": "default",
        "strictMode": {
          "useNormalizedOHMUrl": true
        }
      }
    },
    "BUILD_PROFILE_OPT": {
      "apiType": "stageMode",
      "buildOption": {}
    },
    "BUILD_CACHE_DIR": ""
  },
  "ohos-project": {
    "SELECT_PRODUCT_NAME": "default",
    "MODULE_BUILD_DIR": "/Users/jason/DevEcoStudioProjects/ohos_pull_to_refresh/build",
    "BUNDLE_NAME": "com.example.pulltorefresh",
    "BUILD_PATH": {
      "OUTPUT_PATH": "/Users/jason/DevEcoStudioProjects/ohos_pull_to_refresh/build/outputs/default"
    },
    "MODULES": [
      {
        "name": "entry",
        "srcPath": "/Users/jason/DevEcoStudioProjects/ohos_pull_to_refresh/entry",
        "targets": [
          {
            "name": "default",
            "applyToProducts": [
              "default"
            ]
          }
        ],
        "belongProjectPath": "/Users/jason/DevEcoStudioProjects/ohos_pull_to_refresh"
      },
      {
        "name": "library",
        "srcPath": "/Users/jason/DevEcoStudioProjects/ohos_pull_to_refresh/library",
        "belongProjectPath": "/Users/jason/DevEcoStudioProjects/ohos_pull_to_refresh"
      }
    ],
    "PROFILE_OPT": {
      "app": {
        "products": [
          {
            "name": "default",
            "signingConfig": "default",
            "compatibleSdkVersion": "5.0.1(13)",
            "runtimeOS": "HarmonyOS",
            "targetSdkVersion": "5.1.1(19)",
            "buildOption": {
              "strictMode": {
                "useNormalizedOHMUrl": true
              }
            }
          }
        ],
        "buildModeSet": [
          {
            "name": "debug"
          },
          {
            "name": "release"
          }
        ],
        "signingConfigs": [
          {
            "name": "default",
            "type": "HarmonyOS",
            "material": {
              "certpath": "/Users/jason/.ohos/config/default_ohos_pull_to_refresh_rM0qZImtrUvItEvM0UtmBUOMYy0U9T6ddxtSH4twMSk=.cer",
              "keyAlias": "debugKey",
              "keyPassword": "0000001B2803ABDE20EC4B9F8B5B10FDE11E772D1CB7B886131154FE1F5803E5CE7461A6EEA3692FA9CF7B",
              "profile": "/Users/jason/.ohos/config/default_ohos_pull_to_refresh_rM0qZImtrUvItEvM0UtmBUOMYy0U9T6ddxtSH4twMSk=.p7b",
              "signAlg": "SHA256withECDSA",
              "storeFile": "/Users/jason/.ohos/config/default_ohos_pull_to_refresh_rM0qZImtrUvItEvM0UtmBUOMYy0U9T6ddxtSH4twMSk=.p12",
              "storePassword": "0000001B2C0DB9CC0BC48DC27FC087EC6217E436C364973A024B521D8EBADE502659749F14947930DDC8AC"
            }
          }
        ]
      },
      "modules": [
        {
          "name": "entry",
          "srcPath": "./entry",
          "targets": [
            {
              "name": "default",
              "applyToProducts": [
                "default"
              ]
            }
          ]
        },
        {
          "name": "library",
          "srcPath": "./library"
        }
      ]
    },
    "CONFIG_PROPERTIES": {
      "enableSignTask": true,
      "skipNativeIncremental": false,
      "hvigor.keepDependency": true
    },
    "OVERALL_PROJECT_PATHS": [
      "/Users/jason/DevEcoStudioProjects/ohos_pull_to_refresh"
    ],
    "BUILD_CACHE_DIR": ""
  },
  "version": 1
}