{
  "string": [
    {
      "name": "entry_desc",
      "value": "description"
    },
    {
      "name": "MainAbility_desc",
      "value": "description"
    },
    {
      "name": "MainAbility_label",
      "value": "label"
    },
    {
      "name": "quickStart",
      "value": "quickStart"
    },
    {
      "name": "customConfig",
      "value": "setProperties"
    },
    {
      "name": "customRefreshAnim",
      "value": "customRefreshAnim"
    },
    {
      "name": "fullScreen",
      "value": "useFullScreen"
    },
    {
      "name": "tabsTestPage",
      "value": "tabsTestPage"
    },
    {
      "name": "lazyForEachGuide",
      "value": "lazyForEachGuide"
    },
    {
      "name": "PersonalCenter1",
      "value": "Personal center 1"
    },
    {
      "name": "PersonalCenter2",
      "value": "Personal center 2"
    },
    {
      "name": "PersonalCenter3",
      "value": "Personal center 3"
    },
    {
      "name": "MyComments",
      "value": "My Comments"
    },
    {
      "name": "MyReleases",
      "value": "My Releases"
    },
    {
      "name": "RelatedToMe",
      "value": "Related to Me"
    },
    {
      "name": "Settings",
      "value": "Settings"
    },
    {
      "name": "AddedEntry",
      "value": "Added entry"
    },
    {
      "name": "RefreshSuccessful",
      "value": "Refresh successful."
    },
    {
      "name": "Please_continue_pull_up",
      "value": "Please continue to pull up..."
    },
    {
      "name": "Release_refresh",
      "value": "Release to refresh"
    },
    {
      "name": "Loading",
      "value": "Loading..."
    }
  ]
}