{"/Users/jason/DevEcoStudioProjects/ohos_pull_to_refresh/AppScope/app.json5":{"hashValue":"dd74898df620d8dd8c8851e8fcde9a11","name":"app.json5","path":"/Users/jason/DevEcoStudioProjects/ohos_pull_to_refresh/AppScope/app.json5","type":"file","isSymbolicLink":false,"fileMetaData":{"size":254,"lastModifiedTime":1757498831245}},"/Users/jason/DevEcoStudioProjects/ohos_pull_to_refresh/entry/src/main/module.json5":{"hashValue":"e8f662643cce9a615c126fcf85a34552","name":"module.json5","path":"/Users/jason/DevEcoStudioProjects/ohos_pull_to_refresh/entry/src/main/module.json5","type":"file","isSymbolicLink":false,"fileMetaData":{"size":997,"lastModifiedTime":1757498831249}},"/Users/jason/DevEcoStudioProjects/ohos_pull_to_refresh/build-profile.json5":{"hashValue":"a3b42c01cefd08660166df57198762f5","name":"build-profile.json5","path":"/Users/jason/DevEcoStudioProjects/ohos_pull_to_refresh/build-profile.json5","type":"file","isSymbolicLink":false,"fileMetaData":{"size":1584,"lastModifiedTime":1757499375053}},"/Users/jason/DevEcoStudioProjects/ohos_pull_to_refresh/entry/build-profile.json5":{"hashValue":"e29713c85286dee941339f618cfce922","name":"build-profile.json5","path":"/Users/jason/DevEcoStudioProjects/ohos_pull_to_refresh/entry/build-profile.json5","type":"file","isSymbolicLink":false,"fileMetaData":{"size":456,"lastModifiedTime":1757498831246}},"/Users/jason/DevEcoStudioProjects/ohos_pull_to_refresh/entry/src/main/resources/base/profile/main_pages.json":{"hashValue":"8a1fae750144419ef6cff29e85f7da33","name":"main_pages.json","path":"/Users/jason/DevEcoStudioProjects/ohos_pull_to_refresh/entry/src/main/resources/base/profile/main_pages.json","type":"file","isSymbolicLink":false,"fileMetaData":{"size":468,"lastModifiedTime":1757498831249}},"/Users/jason/DevEcoStudioProjects/ohos_pull_to_refresh/hvigor/hvigor-config.json5":{"hashValue":"9ff556e0428ea0e8c0b59ad66aa58e4e","name":"hvigor-config.json5","path":"/Users/jason/DevEcoStudioProjects/ohos_pull_to_refresh/hvigor/hvigor-config.json5","type":"file","isSymbolicLink":false,"fileMetaData":{"size":54,"lastModifiedTime":1757499044952}},"/Users/jason/DevEcoStudioProjects/ohos_pull_to_refresh/entry/oh-package.json5":{"hashValue":"3d60a232e901b6bf0eb289a02bda7a8a","name":"oh-package.json5","path":"/Users/jason/DevEcoStudioProjects/ohos_pull_to_refresh/entry/oh-package.json5","type":"file","isSymbolicLink":false,"fileMetaData":{"size":219,"lastModifiedTime":1757498831247}},"/Users/jason/DevEcoStudioProjects/ohos_pull_to_refresh/oh-package.json5":{"hashValue":"33ea6532b1f1daa8a2d7d72023308808","name":"oh-package.json5","path":"/Users/jason/DevEcoStudioProjects/ohos_pull_to_refresh/oh-package.json5","type":"file","isSymbolicLink":false,"fileMetaData":{"size":237,"lastModifiedTime":1757902277146}},"/Users/jason/DevEcoStudioProjects/ohos_pull_to_refresh/library/src/main/module.json5":{"hashValue":"97a9cb2208061df99585625bd2e40678","name":"module.json5","path":"/Users/jason/DevEcoStudioProjects/ohos_pull_to_refresh/library/src/main/module.json5","type":"file","isSymbolicLink":false,"fileMetaData":{"size":145,"lastModifiedTime":1757498831258}},"/Users/jason/DevEcoStudioProjects/ohos_pull_to_refresh/library/build-profile.json5":{"hashValue":"c248cf2be8597f67ec74b7479d8c6af1","name":"build-profile.json5","path":"/Users/jason/DevEcoStudioProjects/ohos_pull_to_refresh/library/build-profile.json5","type":"file","isSymbolicLink":false,"fileMetaData":{"size":53,"lastModifiedTime":1757498831257}},"/Users/jason/DevEcoStudioProjects/ohos_pull_to_refresh/library/oh-package.json5":{"hashValue":"e949893d67fc29ab43bb5778ba573554","name":"oh-package.json5","path":"/Users/jason/DevEcoStudioProjects/ohos_pull_to_refresh/library/oh-package.json5","type":"file","isSymbolicLink":false,"fileMetaData":{"size":553,"lastModifiedTime":1757498831258}},"/Users/jason/DevEcoStudioProjects/ohos_pull_to_refresh/entry/build/default/intermediates/hap_metadata/default/output_metadata.json":{"hashValue":"e101973f698bd886141d3927a17dd25d","name":"output_metadata.json","path":"/Users/jason/DevEcoStudioProjects/ohos_pull_to_refresh/entry/build/default/intermediates/hap_metadata/default/output_metadata.json","type":"file","isSymbolicLink":false,"fileMetaData":{"size":114,"lastModifiedTime":1757499379512}},"/Users/jason/DevEcoStudioProjects/ohos_pull_to_refresh/entry/build/default/intermediates/loader/default/pkgContextInfo.json":{"hashValue":"62715793f1b6c9e143c45562b8138c1e","name":"pkgContextInfo.json","path":"/Users/jason/DevEcoStudioProjects/ohos_pull_to_refresh/entry/build/default/intermediates/loader/default/pkgContextInfo.json","type":"file","isSymbolicLink":false,"fileMetaData":{"size":457,"lastModifiedTime":1757499067623}},"/Users/jason/DevEcoStudioProjects/ohos_pull_to_refresh/library/BuildProfile.ets":{"hashValue":"52ba8ceac2c298b9fceaa53df86df8d3","name":"BuildProfile.ets","path":"/Users/jason/DevEcoStudioProjects/ohos_pull_to_refresh/library/BuildProfile.ets","type":"file","isSymbolicLink":false,"fileMetaData":{"size":519,"lastModifiedTime":1757499379515}},"/Users/jason/DevEcoStudioProjects/ohos_pull_to_refresh/library/build/default/intermediates/merge_profile/default/module.json":{"hashValue":"36adfe4b83d447b33174ddec0619d50f","name":"module.json","path":"/Users/jason/DevEcoStudioProjects/ohos_pull_to_refresh/library/build/default/intermediates/merge_profile/default/module.json","type":"file","isSymbolicLink":false,"fileMetaData":{"size":557,"lastModifiedTime":1757499379516}},"/Applications/DevEco-Studio.app/Contents/sdk/default/openharmony/toolchains/syscap_tool":{"hashValue":"7e4c6a6640a2ccd94762e7da3bb53351","name":"syscap_tool","path":"/Applications/DevEco-Studio.app/Contents/sdk/default/openharmony/toolchains/syscap_tool","type":"file","isSymbolicLink":false,"fileMetaData":{"size":439504,"lastModifiedTime":1752289488000}},"/Applications/DevEco-Studio.app/Contents/sdk/default/openharmony/ets/api/device-define":{"hashValue":"fed52a2d7ef3a1232c7b1427defd30a8","name":"device-define","path":"/Applications/DevEco-Studio.app/Contents/sdk/default/openharmony/ets/api/device-define","type":"directory","isSymbolicLink":false,"children":[{"hashValue":"e45acdb853e981c03d7e6383b5c55767","name":"default.json","path":"/Applications/DevEco-Studio.app/Contents/sdk/default/openharmony/ets/api/device-define/default.json","type":"file","isSymbolicLink":false,"fileMetaData":{"size":12435,"lastModifiedTime":1752289475000}},{"hashValue":"14532b5545f917263584752179126b62","name":"liteWearable.json","path":"/Applications/DevEco-Studio.app/Contents/sdk/default/openharmony/ets/api/device-define/liteWearable.json","type":"file","isSymbolicLink":false,"fileMetaData":{"size":949,"lastModifiedTime":1752289475000}},{"hashValue":"efe278a15cef40eaa3f6832d393a8c3e","name":"tablet.json","path":"/Applications/DevEco-Studio.app/Contents/sdk/default/openharmony/ets/api/device-define/tablet.json","type":"file","isSymbolicLink":false,"fileMetaData":{"size":11948,"lastModifiedTime":1752289475000}},{"hashValue":"df7a1f3752225476f2abbd6f3acb299e","name":"tv.json","path":"/Applications/DevEco-Studio.app/Contents/sdk/default/openharmony/ets/api/device-define/tv.json","type":"file","isSymbolicLink":false,"fileMetaData":{"size":10671,"lastModifiedTime":1752289475000}},{"hashValue":"c8840538389d53f8ac829b64c8df837b","name":"wearable.json","path":"/Applications/DevEco-Studio.app/Contents/sdk/default/openharmony/ets/api/device-define/wearable.json","type":"file","isSymbolicLink":false,"fileMetaData":{"size":10768,"lastModifiedTime":1752289475000}}]},"/Users/jason/DevEcoStudioProjects/ohos_pull_to_refresh/entry/build/default/intermediates/router_map/default/temp-router-map.json":{"hashValue":"ebd7f3c2dfeb3e0b4147855a8ac05fb6","name":"temp-router-map.json","path":"/Users/jason/DevEcoStudioProjects/ohos_pull_to_refresh/entry/build/default/intermediates/router_map/default/temp-router-map.json","type":"file","isSymbolicLink":false,"fileMetaData":{"size":16,"lastModifiedTime":1757905700822}},"/Users/jason/DevEcoStudioProjects/ohos_pull_to_refresh/entry/build/default/intermediates/router_map/default/loader-router-map.json":{"hashValue":"49afaaa377a675f34706874f3433d9aa","name":"loader-router-map.json","path":"/Users/jason/DevEcoStudioProjects/ohos_pull_to_refresh/entry/build/default/intermediates/router_map/default/loader-router-map.json","type":"file","isSymbolicLink":false,"fileMetaData":{"size":16,"lastModifiedTime":1757905700822}},"/Users/jason/DevEcoStudioProjects/ohos_pull_to_refresh/entry/build/default/generated/profile/default/BuildProfile.ets":{"hashValue":"f9909c6600ba5626f7f61984f46f7bb7","name":"BuildProfile.ets","path":"/Users/jason/DevEcoStudioProjects/ohos_pull_to_refresh/entry/build/default/generated/profile/default/BuildProfile.ets","type":"file","isSymbolicLink":false,"fileMetaData":{"size":868,"lastModifiedTime":1757499379519}},"/Users/jason/DevEcoStudioProjects/ohos_pull_to_refresh/entry/build/default/intermediates/merge_profile/default/module.json":{"hashValue":"edda4f328ebab09af8d2f69513ce116b","name":"module.json","path":"/Users/jason/DevEcoStudioProjects/ohos_pull_to_refresh/entry/build/default/intermediates/merge_profile/default/module.json","type":"file","isSymbolicLink":false,"fileMetaData":{"size":1365,"lastModifiedTime":1757499379520}},"/Users/jason/DevEcoStudioProjects/ohos_pull_to_refresh/entry/build/default/intermediates/loader/default/loader.json":{"hashValue":"1990ee3bfad576ae7ba362fe72c9c77e","name":"loader.json","path":"/Users/jason/DevEcoStudioProjects/ohos_pull_to_refresh/entry/build/default/intermediates/loader/default/loader.json","type":"file","isSymbolicLink":false,"fileMetaData":{"size":1084,"lastModifiedTime":1757905700829}},"/Users/jason/DevEcoStudioProjects/ohos_pull_to_refresh/entry/build/default/outputs/default/pack.info":{"hashValue":"7286bb02110b9c1eaf2d219b0a590249","name":"pack.info","path":"/Users/jason/DevEcoStudioProjects/ohos_pull_to_refresh/entry/build/default/outputs/default/pack.info","type":"file","isSymbolicLink":false,"fileMetaData":{"size":571,"lastModifiedTime":1757499379524}},"/Users/jason/DevEcoStudioProjects/ohos_pull_to_refresh/entry/build/default/intermediates/process_profile/default/module.json":{"hashValue":"9c40ff081baa41d0113dfb5ad46342bd","name":"module.json","path":"/Users/jason/DevEcoStudioProjects/ohos_pull_to_refresh/entry/build/default/intermediates/process_profile/default/module.json","type":"file","isSymbolicLink":false,"fileMetaData":{"size":1451,"lastModifiedTime":1757499379565}},"/Users/jason/DevEcoStudioProjects/ohos_pull_to_refresh/library/build/default/intermediates/libs/default":{"hashValue":"","name":"default","path":"/Users/jason/DevEcoStudioProjects/ohos_pull_to_refresh/library/build/default/intermediates/libs/default","type":"directory","isSymbolicLink":false,"children":[]},"/Users/jason/DevEcoStudioProjects/ohos_pull_to_refresh/entry/build/default/intermediates/res/default/resConfig.json":{"hashValue":"0e7344c41702d241a9a98c37fffdbb34","name":"resConfig.json","path":"/Users/jason/DevEcoStudioProjects/ohos_pull_to_refresh/entry/build/default/intermediates/res/default/resConfig.json","type":"file","isSymbolicLink":false,"fileMetaData":{"size":1272,"lastModifiedTime":1757499067688}},"/Users/jason/DevEcoStudioProjects/ohos_pull_to_refresh/entry/build/default/intermediates/res/default/opt-compression.json":{"hashValue":"825dab0cb36ec614db7788b6f7f16e2f","name":"opt-compression.json","path":"/Users/jason/DevEcoStudioProjects/ohos_pull_to_refresh/entry/build/default/intermediates/res/default/opt-compression.json","type":"file","isSymbolicLink":false,"fileMetaData":{"size":191,"lastModifiedTime":1757499067688}},"/Users/jason/DevEcoStudioProjects/ohos_pull_to_refresh/library/build/default/intermediates/stripped_native_libs/default":{"hashValue":"","name":"default","path":"/Users/jason/DevEcoStudioProjects/ohos_pull_to_refresh/library/build/default/intermediates/stripped_native_libs/default","type":"directory","isSymbolicLink":false,"children":[]},"/Users/jason/DevEcoStudioProjects/ohos_pull_to_refresh/entry/src/main/resources":{"hashValue":"337d92a9ab3cc93e8267410265b64ca2","name":"resources","path":"/Users/jason/DevEcoStudioProjects/ohos_pull_to_refresh/entry/src/main/resources","type":"directory","isSymbolicLink":false,"children":[{"hashValue":"be3f493977661e7cdb649e824515e408","name":"base","path":"/Users/jason/DevEcoStudioProjects/ohos_pull_to_refresh/entry/src/main/resources/base","type":"directory","isSymbolicLink":false,"children":[{"hashValue":"700bad59e10cfa1f9d24caf7a2e8a1ab","name":"element","path":"/Users/jason/DevEcoStudioProjects/ohos_pull_to_refresh/entry/src/main/resources/base/element","type":"directory","isSymbolicLink":false,"children":[{"hashValue":"3d99128f017aa0cb9e6ad48192ec17c1","name":"color.json","path":"/Users/jason/DevEcoStudioProjects/ohos_pull_to_refresh/entry/src/main/resources/base/element/color.json","type":"file","isSymbolicLink":false,"fileMetaData":{"size":80,"lastModifiedTime":1757498831249}},{"hashValue":"061108cde7b611fc350c047877a897df","name":"string.json","path":"/Users/jason/DevEcoStudioProjects/ohos_pull_to_refresh/entry/src/main/resources/base/element/string.json","type":"file","isSymbolicLink":false,"fileMetaData":{"size":1614,"lastModifiedTime":1757498831249}}]},{"hashValue":"a99527b44eb11cc17b5c4596050628ab","name":"media","path":"/Users/jason/DevEcoStudioProjects/ohos_pull_to_refresh/entry/src/main/resources/base/media","type":"directory","isSymbolicLink":false,"children":[{"hashValue":"2630479784f85521c769e6b9dc64b106","name":"icon.png","path":"/Users/jason/DevEcoStudioProjects/ohos_pull_to_refresh/entry/src/main/resources/base/media/icon.png","type":"file","isSymbolicLink":false,"fileMetaData":{"size":6790,"lastModifiedTime":1757498831249}}]},{"hashValue":"be210e254a397625ea69079054c60e10","name":"profile","path":"/Users/jason/DevEcoStudioProjects/ohos_pull_to_refresh/entry/src/main/resources/base/profile","type":"directory","isSymbolicLink":false,"children":[{"hashValue":"8a1fae750144419ef6cff29e85f7da33","name":"main_pages.json","path":"/Users/jason/DevEcoStudioProjects/ohos_pull_to_refresh/entry/src/main/resources/base/profile/main_pages.json","type":"file","isSymbolicLink":false,"fileMetaData":{"size":468,"lastModifiedTime":1757498831249}}]}]},{"hashValue":"3489c022d876b4423054a78c9d50dcf5","name":"zh_CN","path":"/Users/jason/DevEcoStudioProjects/ohos_pull_to_refresh/entry/src/main/resources/zh_CN","type":"directory","isSymbolicLink":false,"children":[{"hashValue":"c2322be81b15defa0b46cabe90a83d3b","name":"element","path":"/Users/jason/DevEcoStudioProjects/ohos_pull_to_refresh/entry/src/main/resources/zh_CN/element","type":"directory","isSymbolicLink":false,"children":[{"hashValue":"33a3628b6df498bdfd04c0270dcc8e9b","name":"string.json","path":"/Users/jason/DevEcoStudioProjects/ohos_pull_to_refresh/entry/src/main/resources/zh_CN/element/string.json","type":"file","isSymbolicLink":false,"fileMetaData":{"size":1408,"lastModifiedTime":1757498831249}}]}]}]},"/Users/jason/DevEcoStudioProjects/ohos_pull_to_refresh/library/src/main/resources":{"hashValue":"af032b0004a3d9e235197cff2a114070","name":"resources","path":"/Users/jason/DevEcoStudioProjects/ohos_pull_to_refresh/library/src/main/resources","type":"directory","isSymbolicLink":false,"children":[{"hashValue":"5137cfd1938d53a49c0649f1578f2852","name":"base","path":"/Users/jason/DevEcoStudioProjects/ohos_pull_to_refresh/library/src/main/resources/base","type":"directory","isSymbolicLink":false,"children":[{"hashValue":"e59bed148206438a45e1b418d9e1494d","name":"element","path":"/Users/jason/DevEcoStudioProjects/ohos_pull_to_refresh/library/src/main/resources/base/element","type":"directory","isSymbolicLink":false,"children":[{"hashValue":"6006549e6d62ee23abbde78e874a5229","name":"string.json","path":"/Users/jason/DevEcoStudioProjects/ohos_pull_to_refresh/library/src/main/resources/base/element/string.json","type":"file","isSymbolicLink":false,"fileMetaData":{"size":476,"lastModifiedTime":1757498831258}}]},{"hashValue":"43ff488861a998aa8e17a7036840c668","name":"media","path":"/Users/jason/DevEcoStudioProjects/ohos_pull_to_refresh/library/src/main/resources/base/media","type":"directory","isSymbolicLink":false,"children":[{"hashValue":"3d32cec397d821aaeb19e56c55aefd0d","name":"icon_load.png","path":"/Users/jason/DevEcoStudioProjects/ohos_pull_to_refresh/library/src/main/resources/base/media/icon_load.png","type":"file","isSymbolicLink":false,"fileMetaData":{"size":1131,"lastModifiedTime":1757498831259}},{"hashValue":"0daa3be1cb5ea6c9ef709646c025cab3","name":"icon_up.png","path":"/Users/jason/DevEcoStudioProjects/ohos_pull_to_refresh/library/src/main/resources/base/media/icon_up.png","type":"file","isSymbolicLink":false,"fileMetaData":{"size":379,"lastModifiedTime":1757498831259}}]}]},{"hashValue":"1d3e07c0e7bbeafc8cb1e080d04476cf","name":"zh_CN","path":"/Users/jason/DevEcoStudioProjects/ohos_pull_to_refresh/library/src/main/resources/zh_CN","type":"directory","isSymbolicLink":false,"children":[{"hashValue":"636ea4eac7f4fc1bddb2352c834709f0","name":"element","path":"/Users/jason/DevEcoStudioProjects/ohos_pull_to_refresh/library/src/main/resources/zh_CN/element","type":"directory","isSymbolicLink":false,"children":[{"hashValue":"62c7c6002ea0c769df9410d7b08779cb","name":"string.json","path":"/Users/jason/DevEcoStudioProjects/ohos_pull_to_refresh/library/src/main/resources/zh_CN/element/string.json","type":"file","isSymbolicLink":false,"fileMetaData":{"size":410,"lastModifiedTime":1757498831259}}]}]}]},"/Users/jason/DevEcoStudioProjects/ohos_pull_to_refresh/AppScope/resources":{"hashValue":"93cdd59ac5c3fe313441d529ee965789","name":"resources","path":"/Users/jason/DevEcoStudioProjects/ohos_pull_to_refresh/AppScope/resources","type":"directory","isSymbolicLink":false,"children":[{"hashValue":"3175ee3b6e691288ca9266fab7c9be05","name":"base","path":"/Users/jason/DevEcoStudioProjects/ohos_pull_to_refresh/AppScope/resources/base","type":"directory","isSymbolicLink":false,"children":[{"hashValue":"618b0fb8a23880c48f291c9154c55f21","name":"element","path":"/Users/jason/DevEcoStudioProjects/ohos_pull_to_refresh/AppScope/resources/base/element","type":"directory","isSymbolicLink":false,"children":[{"hashValue":"1090c8e2f5b5a396751415696b61e6e0","name":"string.json","path":"/Users/jason/DevEcoStudioProjects/ohos_pull_to_refresh/AppScope/resources/base/element/string.json","type":"file","isSymbolicLink":false,"fileMetaData":{"size":91,"lastModifiedTime":1757498831245}}]},{"hashValue":"56fca6b7db85200ca8c55148ce7ab032","name":"media","path":"/Users/jason/DevEcoStudioProjects/ohos_pull_to_refresh/AppScope/resources/base/media","type":"directory","isSymbolicLink":false,"children":[{"hashValue":"2b9a6df1b783fff7be97f19d37101078","name":"app_icon.png","path":"/Users/jason/DevEcoStudioProjects/ohos_pull_to_refresh/AppScope/resources/base/media/app_icon.png","type":"file","isSymbolicLink":false,"fileMetaData":{"size":6790,"lastModifiedTime":1757498831246}}]}]}]},"/Users/jason/DevEcoStudioProjects/ohos_pull_to_refresh/entry/build/default/intermediates/res/default":{"hashValue":"4fe414547b09ac794ea39fc7c79fd21a","name":"default","path":"/Users/jason/DevEcoStudioProjects/ohos_pull_to_refresh/entry/build/default/intermediates/res/default","type":"directory","isSymbolicLink":false,"children":[{"hashValue":"e885df1d98da1d9299ee8dfdbbdc5948","name":".caches","path":"/Users/jason/DevEcoStudioProjects/ohos_pull_to_refresh/entry/build/default/intermediates/res/default/.caches","type":"directory","isSymbolicLink":false,"children":[{"hashValue":"62933a2951ef01f4eafd9bdf4d3cd2f0","name":"base","path":"/Users/jason/DevEcoStudioProjects/ohos_pull_to_refresh/entry/build/default/intermediates/res/default/.caches/base","type":"directory","isSymbolicLink":false,"children":[{"hashValue":"","name":"media","path":"/Users/jason/DevEcoStudioProjects/ohos_pull_to_refresh/entry/build/default/intermediates/res/default/.caches/base/media","type":"directory","isSymbolicLink":false,"children":[]}]}]},{"hashValue":"ba4fd5275c824d5acbc5125618e9c86d","name":"ark_module.json","path":"/Users/jason/DevEcoStudioProjects/ohos_pull_to_refresh/entry/build/default/intermediates/res/default/ark_module.json","type":"file","isSymbolicLink":false,"fileMetaData":{"size":1153,"lastModifiedTime":1757499379565}},{"hashValue":"44f82a986cba15f2a646b3d844a88956","name":"ids_map","path":"/Users/jason/DevEcoStudioProjects/ohos_pull_to_refresh/entry/build/default/intermediates/res/default/ids_map","type":"directory","isSymbolicLink":false,"children":[{"hashValue":"cd36566f1d4f18e2a3d05e97d611471f","name":"id_defined.json","path":"/Users/jason/DevEcoStudioProjects/ohos_pull_to_refresh/entry/build/default/intermediates/res/default/ids_map/id_defined.json","type":"file","isSymbolicLink":false,"fileMetaData":{"size":2539,"lastModifiedTime":1757499379618}}]},{"hashValue":"2f6534ff8673ef534215aa3b61880748","name":"module.json","path":"/Users/jason/DevEcoStudioProjects/ohos_pull_to_refresh/entry/build/default/intermediates/res/default/module.json","type":"file","isSymbolicLink":false,"fileMetaData":{"size":1615,"lastModifiedTime":1757499379615}},{"hashValue":"825dab0cb36ec614db7788b6f7f16e2f","name":"opt-compression.json","path":"/Users/jason/DevEcoStudioProjects/ohos_pull_to_refresh/entry/build/default/intermediates/res/default/opt-compression.json","type":"file","isSymbolicLink":false,"fileMetaData":{"size":191,"lastModifiedTime":1757499067688}},{"hashValue":"0e7344c41702d241a9a98c37fffdbb34","name":"resConfig.json","path":"/Users/jason/DevEcoStudioProjects/ohos_pull_to_refresh/entry/build/default/intermediates/res/default/resConfig.json","type":"file","isSymbolicLink":false,"fileMetaData":{"size":1272,"lastModifiedTime":1757499067688}},{"hashValue":"3c5df3a508eb86e4aec98eda8b8321ef","name":"resources","path":"/Users/jason/DevEcoStudioProjects/ohos_pull_to_refresh/entry/build/default/intermediates/res/default/resources","type":"directory","isSymbolicLink":false,"children":[{"hashValue":"9fbcac17012e925bbb56c79c8ce48b35","name":"base","path":"/Users/jason/DevEcoStudioProjects/ohos_pull_to_refresh/entry/build/default/intermediates/res/default/resources/base","type":"directory","isSymbolicLink":false,"children":[{"hashValue":"91279ed1ff2dd164eb658985a2a2a63a","name":"media","path":"/Users/jason/DevEcoStudioProjects/ohos_pull_to_refresh/entry/build/default/intermediates/res/default/resources/base/media","type":"directory","isSymbolicLink":false,"children":[{"hashValue":"abef93a6d75e2775f5b6ef37ebc4876c","name":"app_icon.png","path":"/Users/jason/DevEcoStudioProjects/ohos_pull_to_refresh/entry/build/default/intermediates/res/default/resources/base/media/app_icon.png","type":"file","isSymbolicLink":false,"fileMetaData":{"size":6790,"lastModifiedTime":1757499379617}},{"hashValue":"3784e20504d7d4529e0cf563e92c01b2","name":"icon_load.png","path":"/Users/jason/DevEcoStudioProjects/ohos_pull_to_refresh/entry/build/default/intermediates/res/default/resources/base/media/icon_load.png","type":"file","isSymbolicLink":false,"fileMetaData":{"size":1131,"lastModifiedTime":1757499379615}},{"hashValue":"30854039e59612c0d027efc92e2dd668","name":"icon_up.png","path":"/Users/jason/DevEcoStudioProjects/ohos_pull_to_refresh/entry/build/default/intermediates/res/default/resources/base/media/icon_up.png","type":"file","isSymbolicLink":false,"fileMetaData":{"size":379,"lastModifiedTime":1757499379615}},{"hashValue":"eb625bd158bb00736d1fbb0e9609f6f5","name":"icon.png","path":"/Users/jason/DevEcoStudioProjects/ohos_pull_to_refresh/entry/build/default/intermediates/res/default/resources/base/media/icon.png","type":"file","isSymbolicLink":false,"fileMetaData":{"size":6790,"lastModifiedTime":1757499379614}}]},{"hashValue":"12dc0e40834b02936144ab0ed8ee17b8","name":"profile","path":"/Users/jason/DevEcoStudioProjects/ohos_pull_to_refresh/entry/build/default/intermediates/res/default/resources/base/profile","type":"directory","isSymbolicLink":false,"children":[{"hashValue":"58990a25f11537590167974322c6a67e","name":"main_pages.json","path":"/Users/jason/DevEcoStudioProjects/ohos_pull_to_refresh/entry/build/default/intermediates/res/default/resources/base/profile/main_pages.json","type":"file","isSymbolicLink":false,"fileMetaData":{"size":468,"lastModifiedTime":1757499379614}}]}]},{"hashValue":"aa05e6f75b89b49fbd3af62037385ec4","name":"rawfile","path":"/Users/jason/DevEcoStudioProjects/ohos_pull_to_refresh/entry/build/default/intermediates/res/default/resources/rawfile","type":"directory","isSymbolicLink":false,"children":[{"hashValue":"c9550d5fad73447fc24ba47f95d1c6b7","name":"arkdata","path":"/Users/jason/DevEcoStudioProjects/ohos_pull_to_refresh/entry/build/default/intermediates/res/default/resources/rawfile/arkdata","type":"directory","isSymbolicLink":false,"children":[{"hashValue":"","name":"schema","path":"/Users/jason/DevEcoStudioProjects/ohos_pull_to_refresh/entry/build/default/intermediates/res/default/resources/rawfile/arkdata/schema","type":"directory","isSymbolicLink":false,"children":[]}]}]}]},{"hashValue":"b249f231c41a876f8d40551b2ac22f89","name":"resources.index","path":"/Users/jason/DevEcoStudioProjects/ohos_pull_to_refresh/entry/build/default/intermediates/res/default/resources.index","type":"file","isSymbolicLink":false,"fileMetaData":{"size":3201,"lastModifiedTime":1757499379618}},{"hashValue":"6c389d40a4df4dce1991b020b88ec039","name":"ResourceTable.txt","path":"/Users/jason/DevEcoStudioProjects/ohos_pull_to_refresh/entry/build/default/intermediates/res/default/ResourceTable.txt","type":"file","isSymbolicLink":false,"fileMetaData":{"size":1005,"lastModifiedTime":1757499379615}}]},"/Users/jason/DevEcoStudioProjects/ohos_pull_to_refresh/entry/build/default/generated/r/default/ResourceTable.h":{"hashValue":"c0769c5d69dab455e4befbe806a5aa78","name":"ResourceTable.h","path":"/Users/jason/DevEcoStudioProjects/ohos_pull_to_refresh/entry/build/default/generated/r/default/ResourceTable.h","type":"file","isSymbolicLink":false,"fileMetaData":{"size":2272,"lastModifiedTime":1757499379615}},"/Users/jason/DevEcoStudioProjects/ohos_pull_to_refresh/entry/build/default/generated/r/default":{"hashValue":"225b145cd926a83c0159ed9e81fd2679","name":"default","path":"/Users/jason/DevEcoStudioProjects/ohos_pull_to_refresh/entry/build/default/generated/r/default","type":"directory","isSymbolicLink":false,"children":[{"hashValue":"c0769c5d69dab455e4befbe806a5aa78","name":"ResourceTable.h","path":"/Users/jason/DevEcoStudioProjects/ohos_pull_to_refresh/entry/build/default/generated/r/default/ResourceTable.h","type":"file","isSymbolicLink":false,"fileMetaData":{"size":2272,"lastModifiedTime":1757499379615}}]},"/Users/jason/DevEcoStudioProjects/ohos_pull_to_refresh/entry/build/default/intermediates/loader/default":{"hashValue":"3efd8f57a5d648cb41813a1192eef22b","name":"default","path":"/Users/jason/DevEcoStudioProjects/ohos_pull_to_refresh/entry/build/default/intermediates/loader/default","type":"directory","isSymbolicLink":false,"children":[{"hashValue":"1990ee3bfad576ae7ba362fe72c9c77e","name":"loader.json","path":"/Users/jason/DevEcoStudioProjects/ohos_pull_to_refresh/entry/build/default/intermediates/loader/default/loader.json","type":"file","isSymbolicLink":false,"fileMetaData":{"size":1084,"lastModifiedTime":1757905700829}},{"hashValue":"62715793f1b6c9e143c45562b8138c1e","name":"pkgContextInfo.json","path":"/Users/jason/DevEcoStudioProjects/ohos_pull_to_refresh/entry/build/default/intermediates/loader/default/pkgContextInfo.json","type":"file","isSymbolicLink":false,"fileMetaData":{"size":457,"lastModifiedTime":1757499067623}}]},"/Users/jason/DevEcoStudioProjects/ohos_pull_to_refresh/library/index.ets":{"hashValue":"d12de696b8e0a4d9bd9ef8f5ab2b7b33","name":"index.ets","path":"/Users/jason/DevEcoStudioProjects/ohos_pull_to_refresh/library/index.ets","type":"file","isSymbolicLink":false,"fileMetaData":{"size":896,"lastModifiedTime":1757498831257}},"/Users/jason/DevEcoStudioProjects/ohos_pull_to_refresh/library/src/main/ets":{"hashValue":"5944eb975cf21bdab4b0fba15f4a994d","name":"ets","path":"/Users/jason/DevEcoStudioProjects/ohos_pull_to_refresh/library/src/main/ets","type":"directory","isSymbolicLink":false,"children":[{"hashValue":"5950ebfd9e2d94a5986f2a1891b468bf","name":"components","path":"/Users/jason/DevEcoStudioProjects/ohos_pull_to_refresh/library/src/main/ets/components","type":"directory","isSymbolicLink":false,"children":[{"hashValue":"378b45b0d6142bf73b779edf9b008f84","name":"PullToRefresh","path":"/Users/jason/DevEcoStudioProjects/ohos_pull_to_refresh/library/src/main/ets/components/PullToRefresh","type":"directory","isSymbolicLink":false,"children":[{"hashValue":"2cde2e695e9c23af949e1ccdc52c489a","name":"PullToRefresh.ets","path":"/Users/jason/DevEcoStudioProjects/ohos_pull_to_refresh/library/src/main/ets/components/PullToRefresh/PullToRefresh.ets","type":"file","isSymbolicLink":false,"fileMetaData":{"size":29277,"lastModifiedTime":1758005884746}},{"hashValue":"e0d19b0dcffbb3083c675ef047909577","name":"PullToRefreshConfigurator.ets","path":"/Users/jason/DevEcoStudioProjects/ohos_pull_to_refresh/library/src/main/ets/components/PullToRefresh/PullToRefreshConfigurator.ets","type":"file","isSymbolicLink":false,"fileMetaData":{"size":7328,"lastModifiedTime":1757992251968}},{"hashValue":"97c2aa9886b2992b2b299061c7e542e9","name":"PullToRefreshV2.ets","path":"/Users/jason/DevEcoStudioProjects/ohos_pull_to_refresh/library/src/main/ets/components/PullToRefresh/PullToRefreshV2.ets","type":"file","isSymbolicLink":false,"fileMetaData":{"size":29935,"lastModifiedTime":1758005875038}}]}]}]},"/Users/jason/DevEcoStudioProjects/ohos_pull_to_refresh/entry/build/default/intermediates/res/default/resources/rawfile":{"hashValue":"aa05e6f75b89b49fbd3af62037385ec4","name":"rawfile","path":"/Users/jason/DevEcoStudioProjects/ohos_pull_to_refresh/entry/build/default/intermediates/res/default/resources/rawfile","type":"directory","isSymbolicLink":false,"children":[{"hashValue":"c9550d5fad73447fc24ba47f95d1c6b7","name":"arkdata","path":"/Users/jason/DevEcoStudioProjects/ohos_pull_to_refresh/entry/build/default/intermediates/res/default/resources/rawfile/arkdata","type":"directory","isSymbolicLink":false,"children":[{"hashValue":"","name":"schema","path":"/Users/jason/DevEcoStudioProjects/ohos_pull_to_refresh/entry/build/default/intermediates/res/default/resources/rawfile/arkdata/schema","type":"directory","isSymbolicLink":false,"children":[]}]}]},"/Users/jason/DevEcoStudioProjects/ohos_pull_to_refresh/entry/build/default/intermediates/res/default/ResourceTable.txt":{"hashValue":"6c389d40a4df4dce1991b020b88ec039","name":"ResourceTable.txt","path":"/Users/jason/DevEcoStudioProjects/ohos_pull_to_refresh/entry/build/default/intermediates/res/default/ResourceTable.txt","type":"file","isSymbolicLink":false,"fileMetaData":{"size":1005,"lastModifiedTime":1757499379615}},"/Users/jason/DevEcoStudioProjects/ohos_pull_to_refresh/entry/build/default/intermediates/res/default/ark_module.json":{"hashValue":"ba4fd5275c824d5acbc5125618e9c86d","name":"ark_module.json","path":"/Users/jason/DevEcoStudioProjects/ohos_pull_to_refresh/entry/build/default/intermediates/res/default/ark_module.json","type":"file","isSymbolicLink":false,"fileMetaData":{"size":1153,"lastModifiedTime":1757499379565}},"/Users/jason/DevEcoStudioProjects/ohos_pull_to_refresh/entry/build/default/intermediates/res/default/resources/base/profile":{"hashValue":"12dc0e40834b02936144ab0ed8ee17b8","name":"profile","path":"/Users/jason/DevEcoStudioProjects/ohos_pull_to_refresh/entry/build/default/intermediates/res/default/resources/base/profile","type":"directory","isSymbolicLink":false,"children":[{"hashValue":"58990a25f11537590167974322c6a67e","name":"main_pages.json","path":"/Users/jason/DevEcoStudioProjects/ohos_pull_to_refresh/entry/build/default/intermediates/res/default/resources/base/profile/main_pages.json","type":"file","isSymbolicLink":false,"fileMetaData":{"size":468,"lastModifiedTime":1757499379614}}]},"/Users/jason/DevEcoStudioProjects/ohos_pull_to_refresh/entry/src/main/ets":{"hashValue":"224390200c572260f32fafd04524f46f","name":"ets","path":"/Users/jason/DevEcoStudioProjects/ohos_pull_to_refresh/entry/src/main/ets","type":"directory","isSymbolicLink":false,"children":[{"hashValue":"6d25e878cf9de7b37e9a92199514b91b","name":"entryability","path":"/Users/jason/DevEcoStudioProjects/ohos_pull_to_refresh/entry/src/main/ets/entryability","type":"directory","isSymbolicLink":false,"children":[{"hashValue":"0bd53f93048ba05b48286ff20c46f41f","name":"EntryAbility.ts","path":"/Users/jason/DevEcoStudioProjects/ohos_pull_to_refresh/entry/src/main/ets/entryability/EntryAbility.ts","type":"file","isSymbolicLink":false,"fileMetaData":{"size":2090,"lastModifiedTime":1757498831247}}]},{"hashValue":"ae0dbaee7f0e46dc2c9a28199e5b4a5e","name":"pages","path":"/Users/jason/DevEcoStudioProjects/ohos_pull_to_refresh/entry/src/main/ets/pages","type":"directory","isSymbolicLink":false,"children":[{"hashValue":"9a33902177ee18e3ce1133dc43f8980c","name":"customConfig.ets","path":"/Users/jason/DevEcoStudioProjects/ohos_pull_to_refresh/entry/src/main/ets/pages/customConfig.ets","type":"file","isSymbolicLink":false,"fileMetaData":{"size":5200,"lastModifiedTime":1757498831247}},{"hashValue":"8df1b8cec19a623cf502af82ef899eb8","name":"customConfigV2.ets","path":"/Users/jason/DevEcoStudioProjects/ohos_pull_to_refresh/entry/src/main/ets/pages/customConfigV2.ets","type":"file","isSymbolicLink":false,"fileMetaData":{"size":5210,"lastModifiedTime":1757498831247}},{"hashValue":"7f7f0ef8b7e2f25190f18984a160bd81","name":"customRefreshAnim.ets","path":"/Users/jason/DevEcoStudioProjects/ohos_pull_to_refresh/entry/src/main/ets/pages/customRefreshAnim.ets","type":"file","isSymbolicLink":false,"fileMetaData":{"size":6609,"lastModifiedTime":1757498831247}},{"hashValue":"57bff0eee097cbf3a1d7078ca62a8b90","name":"customRefreshAnimV2.ets","path":"/Users/jason/DevEcoStudioProjects/ohos_pull_to_refresh/entry/src/main/ets/pages/customRefreshAnimV2.ets","type":"file","isSymbolicLink":false,"fileMetaData":{"size":6619,"lastModifiedTime":1757498831247}},{"hashValue":"6512acc09176b939746b0e6cfcd5e339","name":"demoV1.ets","path":"/Users/jason/DevEcoStudioProjects/ohos_pull_to_refresh/entry/src/main/ets/pages/demoV1.ets","type":"file","isSymbolicLink":false,"fileMetaData":{"size":1807,"lastModifiedTime":1757498831248}},{"hashValue":"d9ca05b9874d4e58c41e783641a626c5","name":"demoV2.ets","path":"/Users/jason/DevEcoStudioProjects/ohos_pull_to_refresh/entry/src/main/ets/pages/demoV2.ets","type":"file","isSymbolicLink":false,"fileMetaData":{"size":1819,"lastModifiedTime":1757498831248}},{"hashValue":"dd1475b9453e07bae8ed99c9d520d0ac","name":"fullScreen.ets","path":"/Users/jason/DevEcoStudioProjects/ohos_pull_to_refresh/entry/src/main/ets/pages/fullScreen.ets","type":"file","isSymbolicLink":false,"fileMetaData":{"size":3283,"lastModifiedTime":1757498831248}},{"hashValue":"b3e3571823802d5e54d8383e1467c318","name":"fullScreenV2.ets","path":"/Users/jason/DevEcoStudioProjects/ohos_pull_to_refresh/entry/src/main/ets/pages/fullScreenV2.ets","type":"file","isSymbolicLink":false,"fileMetaData":{"size":3293,"lastModifiedTime":1757498831248}},{"hashValue":"0ff45cf9b6b1051baff0a530aa3706f7","name":"index.ets","path":"/Users/jason/DevEcoStudioProjects/ohos_pull_to_refresh/entry/src/main/ets/pages/index.ets","type":"file","isSymbolicLink":false,"fileMetaData":{"size":1043,"lastModifiedTime":1757498831248}},{"hashValue":"1345664acfe578c9ea96cc24434bf712","name":"interface.test.ets","path":"/Users/jason/DevEcoStudioProjects/ohos_pull_to_refresh/entry/src/main/ets/pages/interface.test.ets","type":"file","isSymbolicLink":false,"fileMetaData":{"size":9888,"lastModifiedTime":1757498831248}},{"hashValue":"7df4e13e7ff0247dd2516b5315db964a","name":"interface.testV2.ets","path":"/Users/jason/DevEcoStudioProjects/ohos_pull_to_refresh/entry/src/main/ets/pages/interface.testV2.ets","type":"file","isSymbolicLink":false,"fileMetaData":{"size":9815,"lastModifiedTime":1757498831248}},{"hashValue":"4bb1651578dea1ec9c3bb6f5acafa5e0","name":"lazyForEachGuide.ets","path":"/Users/jason/DevEcoStudioProjects/ohos_pull_to_refresh/entry/src/main/ets/pages/lazyForEachGuide.ets","type":"file","isSymbolicLink":false,"fileMetaData":{"size":5981,"lastModifiedTime":1757498831248}},{"hashValue":"3776fff20b8892d7d68ecc88eda03fde","name":"lazyForEachGuideV2.ets","path":"/Users/jason/DevEcoStudioProjects/ohos_pull_to_refresh/entry/src/main/ets/pages/lazyForEachGuideV2.ets","type":"file","isSymbolicLink":false,"fileMetaData":{"size":5912,"lastModifiedTime":1757498831248}},{"hashValue":"85805acc2970f30969f80dbc526bae9b","name":"quickStart.ets","path":"/Users/jason/DevEcoStudioProjects/ohos_pull_to_refresh/entry/src/main/ets/pages/quickStart.ets","type":"file","isSymbolicLink":false,"fileMetaData":{"size":3289,"lastModifiedTime":1757498831248}},{"hashValue":"c0b21999c726cfcf6a63479b32518056","name":"quickStartV2.ets","path":"/Users/jason/DevEcoStudioProjects/ohos_pull_to_refresh/entry/src/main/ets/pages/quickStartV2.ets","type":"file","isSymbolicLink":false,"fileMetaData":{"size":3708,"lastModifiedTime":1757987526307}},{"hashValue":"142e4f903a59fc7ff68f59943a92eabd","name":"tabsTestPage.ets","path":"/Users/jason/DevEcoStudioProjects/ohos_pull_to_refresh/entry/src/main/ets/pages/tabsTestPage.ets","type":"file","isSymbolicLink":false,"fileMetaData":{"size":5021,"lastModifiedTime":1757498831248}},{"hashValue":"0075c2a2b0bb92fb182461c20c5a6ed1","name":"tabsTestPageV2.ets","path":"/Users/jason/DevEcoStudioProjects/ohos_pull_to_refresh/entry/src/main/ets/pages/tabsTestPageV2.ets","type":"file","isSymbolicLink":false,"fileMetaData":{"size":5033,"lastModifiedTime":1757498831249}}]}]},"/Users/jason/DevEcoStudioProjects/ohos_pull_to_refresh/entry/build/default/intermediates/loader_out/default/ets":{"hashValue":"aab3c6354837ed8d64438a238ee1c6f9","name":"ets","path":"/Users/jason/DevEcoStudioProjects/ohos_pull_to_refresh/entry/build/default/intermediates/loader_out/default/ets","type":"directory","isSymbolicLink":false,"children":[{"hashValue":"cc12d5743e1a0cb9de40958178befb38","name":"modules.abc","path":"/Users/jason/DevEcoStudioProjects/ohos_pull_to_refresh/entry/build/default/intermediates/loader_out/default/ets/modules.abc","type":"file","isSymbolicLink":false,"fileMetaData":{"size":434208,"lastModifiedTime":1758005889302}},{"hashValue":"7594f19bb4e0a990948b8000a1179c20","name":"sourceMaps.map","path":"/Users/jason/DevEcoStudioProjects/ohos_pull_to_refresh/entry/build/default/intermediates/loader_out/default/ets/sourceMaps.map","type":"file","isSymbolicLink":false,"fileMetaData":{"size":162413,"lastModifiedTime":1758005889286}}]},"/Users/jason/DevEcoStudioProjects/ohos_pull_to_refresh/entry/build/default/intermediates/libs/default":{"hashValue":"","name":"default","path":"/Users/jason/DevEcoStudioProjects/ohos_pull_to_refresh/entry/build/default/intermediates/libs/default","type":"directory","isSymbolicLink":false,"children":[]},"/Users/jason/DevEcoStudioProjects/ohos_pull_to_refresh/entry/build/default/intermediates/stripped_native_libs/default":{"hashValue":"","name":"default","path":"/Users/jason/DevEcoStudioProjects/ohos_pull_to_refresh/entry/build/default/intermediates/stripped_native_libs/default","type":"directory","isSymbolicLink":false,"children":[]},"/Users/jason/DevEcoStudioProjects/ohos_pull_to_refresh/entry/build/default/intermediates/patch/default/base_native_libs.json":{"hashValue":"bbdb482101ec384d72418c486d5ee9d9","name":"base_native_libs.json","path":"/Users/jason/DevEcoStudioProjects/ohos_pull_to_refresh/entry/build/default/intermediates/patch/default/base_native_libs.json","type":"file","isSymbolicLink":false,"fileMetaData":{"size":25,"lastModifiedTime":1757499068069}},"/Users/jason/DevEcoStudioProjects/ohos_pull_to_refresh/entry/build/default/intermediates/res/default/module.json":{"hashValue":"2f6534ff8673ef534215aa3b61880748","name":"module.json","path":"/Users/jason/DevEcoStudioProjects/ohos_pull_to_refresh/entry/build/default/intermediates/res/default/module.json","type":"file","isSymbolicLink":false,"fileMetaData":{"size":1615,"lastModifiedTime":1757499379615}},"/Users/jason/DevEcoStudioProjects/ohos_pull_to_refresh/entry/build/default/intermediates/package/default/module.json":{"hashValue":"521ecd5efd1535f5d6adfa514cff925c","name":"module.json","path":"/Users/jason/DevEcoStudioProjects/ohos_pull_to_refresh/entry/build/default/intermediates/package/default/module.json","type":"file","isSymbolicLink":false,"fileMetaData":{"size":1615,"lastModifiedTime":1757499379882}},"/Users/jason/DevEcoStudioProjects/ohos_pull_to_refresh/entry/build/default/intermediates/res/default/resources":{"hashValue":"3c5df3a508eb86e4aec98eda8b8321ef","name":"resources","path":"/Users/jason/DevEcoStudioProjects/ohos_pull_to_refresh/entry/build/default/intermediates/res/default/resources","type":"directory","isSymbolicLink":false,"children":[{"hashValue":"9fbcac17012e925bbb56c79c8ce48b35","name":"base","path":"/Users/jason/DevEcoStudioProjects/ohos_pull_to_refresh/entry/build/default/intermediates/res/default/resources/base","type":"directory","isSymbolicLink":false,"children":[{"hashValue":"91279ed1ff2dd164eb658985a2a2a63a","name":"media","path":"/Users/jason/DevEcoStudioProjects/ohos_pull_to_refresh/entry/build/default/intermediates/res/default/resources/base/media","type":"directory","isSymbolicLink":false,"children":[{"hashValue":"abef93a6d75e2775f5b6ef37ebc4876c","name":"app_icon.png","path":"/Users/jason/DevEcoStudioProjects/ohos_pull_to_refresh/entry/build/default/intermediates/res/default/resources/base/media/app_icon.png","type":"file","isSymbolicLink":false,"fileMetaData":{"size":6790,"lastModifiedTime":1757499379617}},{"hashValue":"3784e20504d7d4529e0cf563e92c01b2","name":"icon_load.png","path":"/Users/jason/DevEcoStudioProjects/ohos_pull_to_refresh/entry/build/default/intermediates/res/default/resources/base/media/icon_load.png","type":"file","isSymbolicLink":false,"fileMetaData":{"size":1131,"lastModifiedTime":1757499379615}},{"hashValue":"30854039e59612c0d027efc92e2dd668","name":"icon_up.png","path":"/Users/jason/DevEcoStudioProjects/ohos_pull_to_refresh/entry/build/default/intermediates/res/default/resources/base/media/icon_up.png","type":"file","isSymbolicLink":false,"fileMetaData":{"size":379,"lastModifiedTime":1757499379615}},{"hashValue":"eb625bd158bb00736d1fbb0e9609f6f5","name":"icon.png","path":"/Users/jason/DevEcoStudioProjects/ohos_pull_to_refresh/entry/build/default/intermediates/res/default/resources/base/media/icon.png","type":"file","isSymbolicLink":false,"fileMetaData":{"size":6790,"lastModifiedTime":1757499379614}}]},{"hashValue":"12dc0e40834b02936144ab0ed8ee17b8","name":"profile","path":"/Users/jason/DevEcoStudioProjects/ohos_pull_to_refresh/entry/build/default/intermediates/res/default/resources/base/profile","type":"directory","isSymbolicLink":false,"children":[{"hashValue":"58990a25f11537590167974322c6a67e","name":"main_pages.json","path":"/Users/jason/DevEcoStudioProjects/ohos_pull_to_refresh/entry/build/default/intermediates/res/default/resources/base/profile/main_pages.json","type":"file","isSymbolicLink":false,"fileMetaData":{"size":468,"lastModifiedTime":1757499379614}}]}]},{"hashValue":"aa05e6f75b89b49fbd3af62037385ec4","name":"rawfile","path":"/Users/jason/DevEcoStudioProjects/ohos_pull_to_refresh/entry/build/default/intermediates/res/default/resources/rawfile","type":"directory","isSymbolicLink":false,"children":[{"hashValue":"c9550d5fad73447fc24ba47f95d1c6b7","name":"arkdata","path":"/Users/jason/DevEcoStudioProjects/ohos_pull_to_refresh/entry/build/default/intermediates/res/default/resources/rawfile/arkdata","type":"directory","isSymbolicLink":false,"children":[{"hashValue":"","name":"schema","path":"/Users/jason/DevEcoStudioProjects/ohos_pull_to_refresh/entry/build/default/intermediates/res/default/resources/rawfile/arkdata/schema","type":"directory","isSymbolicLink":false,"children":[]}]}]}]},"/Users/jason/DevEcoStudioProjects/ohos_pull_to_refresh/entry/build/default/intermediates/res/default/resources.index":{"hashValue":"b249f231c41a876f8d40551b2ac22f89","name":"resources.index","path":"/Users/jason/DevEcoStudioProjects/ohos_pull_to_refresh/entry/build/default/intermediates/res/default/resources.index","type":"file","isSymbolicLink":false,"fileMetaData":{"size":3201,"lastModifiedTime":1757499379618}},"/Users/jason/DevEcoStudioProjects/ohos_pull_to_refresh/entry/build/default/intermediates/loader_out/default/ets/sourceMaps.map":{"hashValue":"7594f19bb4e0a990948b8000a1179c20","name":"sourceMaps.map","path":"/Users/jason/DevEcoStudioProjects/ohos_pull_to_refresh/entry/build/default/intermediates/loader_out/default/ets/sourceMaps.map","type":"file","isSymbolicLink":false,"fileMetaData":{"size":162413,"lastModifiedTime":1758005889286}},"/Users/jason/DevEcoStudioProjects/ohos_pull_to_refresh/entry/build/default/outputs/default/entry-default-unsigned.hap":{"hashValue":"188b385a12a8a83057a756525460fe36","name":"entry-default-unsigned.hap","path":"/Users/jason/DevEcoStudioProjects/ohos_pull_to_refresh/entry/build/default/outputs/default/entry-default-unsigned.hap","type":"file","isSymbolicLink":false,"fileMetaData":{"size":619020,"lastModifiedTime":1758005889498}},"/Users/jason/DevEcoStudioProjects/ohos_pull_to_refresh/entry/build/default/intermediates/source_map/default/sourceMaps.map":{"hashValue":"110ea35f7ad8b4ca22d1847b49714b3a","name":"sourceMaps.map","path":"/Users/jason/DevEcoStudioProjects/ohos_pull_to_refresh/entry/build/default/intermediates/source_map/default/sourceMaps.map","type":"file","isSymbolicLink":false,"fileMetaData":{"size":162413,"lastModifiedTime":1758005889506}},"/Users/jason/DevEcoStudioProjects/ohos_pull_to_refresh/entry/build/default/outputs/default/mapping/sourceMaps.map":{"hashValue":"182131da815f71af85a699d2098440f0","name":"sourceMaps.map","path":"/Users/jason/DevEcoStudioProjects/ohos_pull_to_refresh/entry/build/default/outputs/default/mapping/sourceMaps.map","type":"file","isSymbolicLink":false,"fileMetaData":{"size":162413,"lastModifiedTime":1758005889507}},"/Users/jason/.ohos/config/default_ohos_pull_to_refresh_rM0qZImtrUvItEvM0UtmBUOMYy0U9T6ddxtSH4twMSk=.cer":{"hashValue":"4de355702d8e1968deeb6e0dd28ed156","name":"default_ohos_pull_to_refresh_rM0qZImtrUvItEvM0UtmBUOMYy0U9T6ddxtSH4twMSk=.cer","path":"/Users/jason/.ohos/config/default_ohos_pull_to_refresh_rM0qZImtrUvItEvM0UtmBUOMYy0U9T6ddxtSH4twMSk=.cer","type":"file","isSymbolicLink":false,"fileMetaData":{"size":2910,"lastModifiedTime":1757499367175}},"/Users/jason/.ohos/config/default_ohos_pull_to_refresh_rM0qZImtrUvItEvM0UtmBUOMYy0U9T6ddxtSH4twMSk=.p7b":{"hashValue":"cc6d0e976f04387ce1aa5a445d65405d","name":"default_ohos_pull_to_refresh_rM0qZImtrUvItEvM0UtmBUOMYy0U9T6ddxtSH4twMSk=.p7b","path":"/Users/jason/.ohos/config/default_ohos_pull_to_refresh_rM0qZImtrUvItEvM0UtmBUOMYy0U9T6ddxtSH4twMSk=.p7b","type":"file","isSymbolicLink":false,"fileMetaData":{"size":4212,"lastModifiedTime":1757499368290}},"/Users/jason/.ohos/config/default_ohos_pull_to_refresh_rM0qZImtrUvItEvM0UtmBUOMYy0U9T6ddxtSH4twMSk=.p12":{"hashValue":"a82f3503a2b74c5c0f4972ec20e119d6","name":"default_ohos_pull_to_refresh_rM0qZImtrUvItEvM0UtmBUOMYy0U9T6ddxtSH4twMSk=.p12","path":"/Users/jason/.ohos/config/default_ohos_pull_to_refresh_rM0qZImtrUvItEvM0UtmBUOMYy0U9T6ddxtSH4twMSk=.p12","type":"file","isSymbolicLink":false,"fileMetaData":{"size":1128,"lastModifiedTime":1757499365623}},"/Users/jason/DevEcoStudioProjects/ohos_pull_to_refresh/entry/build/default/outputs/default/entry-default-signed.hap":{"hashValue":"0719bbc2818446f549f8fb4119453a00","name":"entry-default-signed.hap","path":"/Users/jason/DevEcoStudioProjects/ohos_pull_to_refresh/entry/build/default/outputs/default/entry-default-signed.hap","type":"file","isSymbolicLink":false,"fileMetaData":{"size":667869,"lastModifiedTime":1758005889893}},"/Users/jason/DevEcoStudioProjects/ohos_pull_to_refresh/entry/build/default/generated/profile/default/ModuleInfo.ts":{"hashValue":"","name":"emptyroot","path":"","type":"unknown","isSymbolicLink":false,"children":[]},"/Users/jason/DevEcoStudioProjects/ohos_pull_to_refresh/build/cache/default/integrated_hsp/integratedHspCache.json":{"hashValue":"","name":"emptyroot","path":"","type":"unknown","isSymbolicLink":false,"children":[]},"/Users/jason/DevEcoStudioProjects/ohos_pull_to_refresh/entry/build/default/intermediates/syscap/default/rpcid.sc":{"hashValue":"","name":"emptyroot","path":"","type":"unknown","isSymbolicLink":false,"children":[]},"/Users/jason/DevEcoStudioProjects/ohos_pull_to_refresh/entry/build/default/intermediates/startup/default/startup_config.json":{"hashValue":"","name":"emptyroot","path":"","type":"unknown","isSymbolicLink":false,"children":[]},"/Users/jason/DevEcoStudioProjects/ohos_pull_to_refresh/entry/build/default/intermediates/loader_out/default/js":{"hashValue":"","name":"emptyroot","path":"","type":"unknown","isSymbolicLink":false,"children":[]},"/Users/jason/DevEcoStudioProjects/ohos_pull_to_refresh/entry/build/default/outputs/default/symbol":{"hashValue":"","name":"emptyroot","path":"","type":"unknown","isSymbolicLink":false,"children":[]}}