{":ohos_pull_to_refresh:entry:default@PreBuild":{"_inputs":[{"dataType":"ValueEntry","value":"{\"_name\":\"BUILTIN_TASK_COMMAND\",\"_value\":\"\",\"_valueType\":\"string\",\"_hash\":\"0b5d05294fdf4e78e8482ef53eb64ac0\"}"},{"dataType":"ValueEntry","value":"{\"_name\":\"BUILTIN_TASK_ENV\",\"_value\":\"\",\"_valueType\":\"string\",\"_hash\":\"cdcdc2ec8062ca9ec1de46dbf2bbc053\"}"},{"dataType":"ValueEntry","value":"{\"_name\":\"BUILTIN_TASK_TOOLCHAIN\",\"_value\":\"\",\"_valueType\":\"string\",\"_hash\":\"e7f94a9422a8bc317a7d90b58efcb5f6\"}"},{"dataType":"ValueEntry","value":"{\"_name\":\"apiType\",\"_value\":\"stageMode\",\"_valueType\":\"string\",\"_hash\":\"699c7565645ea3ea8c88551a4926a3d5\"}"},{"dataType":"ValueEntry","value":"{\"_name\":\"byteCodeHar\",\"_value\":false,\"_valueType\":\"boolean\",\"_hash\":\"1918a3ccb645ccacd0aedd84fc6cf8a4\"}"},{"dataType":"ValueEntry","value":"{\"_name\":\"codeType\",\"_value\":true,\"_valueType\":\"boolean\",\"_hash\":\"d6dcf21a9f078b661283507536e57ce8\"}"},{"dataType":"ValueEntry","value":"{\"_name\":\"compatibleApiVersion\",\"_value\":13,\"_valueType\":\"number\",\"_hash\":\"285c7007704e8c3a7d2dba4f9a0b160b\"}"},{"dataType":"ValueEntry","value":"{\"_name\":\"compileApiVersion\",\"_value\":19,\"_valueType\":\"number\",\"_hash\":\"567aaa33725055ef7398e5c2f3a65c4e\"}"},{"dataType":"ValueEntry","value":"{\"_name\":\"configuration\",\"_value\":\"\",\"_valueType\":\"string\",\"_hash\":\"d12f0038691f8f34d654391bbcee2f8e\"}"},{"dataType":"ValueEntry","value":"{\"_name\":\"configurationFileJson\",\"_value\":\"\",\"_valueType\":\"string\",\"_hash\":\"2b55287f40f7e8896b21bab4028e156b\"}"},{"dataType":"ValueEntry","value":"{\"_name\":\"customTypes\",\"_value\":\"\",\"_valueType\":\"string\",\"_hash\":\"970a2695bffac1c5a4fa283dc36050e3\"}"},{"dataType":"ValueEntry","value":"{\"_name\":\"deviceType\",\"_value\":[\"default\",\"tablet\"],\"_valueType\":\"object\",\"_hash\":\"3f44547af15457ff8e1ec09282ca9922\"}"},{"dataType":"ValueEntry","value":"{\"_name\":\"integrated_hsp\",\"_value\":false,\"_valueType\":\"boolean\",\"_hash\":\"2538281751f182d9123d2ab28efaf9be\"}"},{"dataType":"ValueEntry","value":"{\"_name\":\"isSupportOhpmProj\",\"_value\":true,\"_valueType\":\"boolean\",\"_hash\":\"f3a249d7e3f751316e931b8a08b074b4\"}"},{"dataType":"ValueEntry","value":"{\"_name\":\"moduleJsonOpt\",\"_value\":\"{\\\"jsonFilePath\\\":\\\"/Users/jason/DevEcoStudioProjects/ohos_pull_to_refresh/entry/src/main/module.json5\\\",\\\"profile\\\":{\\\"module\\\":{\\\"name\\\":\\\"entry\\\",\\\"type\\\":\\\"entry\\\",\\\"description\\\":\\\"$string:entry_desc\\\",\\\"mainElement\\\":\\\"MainAbility\\\",\\\"deviceTypes\\\":[\\\"default\\\",\\\"tablet\\\"],\\\"deliveryWithInstall\\\":true,\\\"installationFree\\\":false,\\\"pages\\\":\\\"$profile:main_pages\\\",\\\"metadata\\\":[{\\\"name\\\":\\\"ArkTSPartialUpdate\\\",\\\"value\\\":\\\"true\\\"}],\\\"uiSyntax\\\":\\\"ets\\\",\\\"abilities\\\":[{\\\"name\\\":\\\"MainAbility\\\",\\\"srcEntry\\\":\\\"./ets/entryability/EntryAbility.ts\\\",\\\"description\\\":\\\"$string:MainAbility_desc\\\",\\\"icon\\\":\\\"$media:app_icon\\\",\\\"label\\\":\\\"$string:app_name\\\",\\\"startWindowIcon\\\":\\\"$media:icon\\\",\\\"startWindowBackground\\\":\\\"$color:white\\\",\\\"visible\\\":true,\\\"skills\\\":[{\\\"entities\\\":[\\\"entity.system.home\\\"],\\\"actions\\\":[\\\"action.system.home\\\"]}]}]}},\\\"deviceTypes\\\":[\\\"default\\\",\\\"tablet\\\"],\\\"deviceConfig\\\":\\\"deviceTypes\\\",\\\"configurationProfile\\\":\\\"module.json5\\\"}\",\"_valueType\":\"string\",\"_hash\":\"8dcef4fe2f3b186dcfe15b1421c8acf1\"}"},{"dataType":"ValueEntry","value":"{\"_name\":\"profileModuleName\",\"_value\":\"entry\",\"_valueType\":\"string\",\"_hash\":\"b174ea6ff5824844dde5ad92f6b3ef2b\"}"},{"dataType":"ValueEntry","value":"{\"_name\":\"removePermissions\",\"_valueType\":\"undefined\",\"_hash\":\"0703cfc523a152c6195a8fd1935503e5\"}"},{"dataType":"ValueEntry","value":"{\"_name\":\"sdkToolchainsComponentVersion\",\"_value\":\"5.1.1.202\",\"_valueType\":\"string\",\"_hash\":\"563d9bcc281cd01fa8ec07aebc54544a\"}"},{"dataType":"ValueEntry","value":"{\"_name\":\"sourceRoots\",\"_value\":true,\"_valueType\":\"boolean\",\"_hash\":\"a369c115d2c4122f3819759804ec9d35\"}"},{"dataType":"ValueEntry","value":"{\"_name\":\"targetStatusCode\",\"_value\":2,\"_valueType\":\"number\",\"_hash\":\"5a9255c0f4ee50904a9349ebafca8369\"}"},{"dataType":"ValueEntry","value":"{\"_name\":\"transformLib\",\"_value\":\"\",\"_valueType\":\"string\",\"_hash\":\"7d270d0ce7ae5c6e2e32760cb396ea5a\"}"},{"dataType":"ValueEntry","value":"{\"_name\":\"useNormalizedOHMUrl\",\"_value\":true,\"_valueType\":\"boolean\",\"_hash\":\"05eabcf12e6fe230e579e0fd37679db6\"}"}],"_successful":true,"_projectName":"ohos_pull_to_refresh","_moduleName":"entry","_taskName":"default@PreBuild","_key":":ohos_pull_to_refresh:entry:default@PreBuild","_executionId":":ohos_pull_to_refresh:entry:default@PreBuild:1757905700700","_inputFiles":{"dataType":"Map","value":[["/Users/jason/DevEcoStudioProjects/ohos_pull_to_refresh/AppScope/app.json5",{"isDirectory":false,"fileSnapShotHashValue":"dd74898df620d8dd8c8851e8fcde9a11"}],["/Users/jason/DevEcoStudioProjects/ohos_pull_to_refresh/entry/src/main/module.json5",{"isDirectory":false,"fileSnapShotHashValue":"e8f662643cce9a615c126fcf85a34552"}],["/Users/jason/DevEcoStudioProjects/ohos_pull_to_refresh/build-profile.json5",{"fileSnapShotHashValue":"a3b42c01cefd08660166df57198762f5"}],["/Users/jason/DevEcoStudioProjects/ohos_pull_to_refresh/entry/build-profile.json5",{"fileSnapShotHashValue":"e29713c85286dee941339f618cfce922"}],["/Users/jason/DevEcoStudioProjects/ohos_pull_to_refresh/entry/src/main/resources/base/profile/main_pages.json",{"fileSnapShotHashValue":"8a1fae750144419ef6cff29e85f7da33"}],["/Users/jason/DevEcoStudioProjects/ohos_pull_to_refresh/hvigor/hvigor-config.json5",{"isDirectory":true,"fileSnapShotHashValue":"9ff556e0428ea0e8c0b59ad66aa58e4e"}],["/Users/jason/DevEcoStudioProjects/ohos_pull_to_refresh/entry/oh-package.json5",{"fileSnapShotHashValue":"3d60a232e901b6bf0eb289a02bda7a8a"}],["/Users/jason/DevEcoStudioProjects/ohos_pull_to_refresh/oh-package.json5",{"fileSnapShotHashValue":"33ea6532b1f1daa8a2d7d72023308808"}]]},"_outputFiles":{"dataType":"Map","value":[]}},":ohos_pull_to_refresh:library:default@PreBuild":{"_inputs":[{"dataType":"ValueEntry","value":"{\"_name\":\"BUILTIN_TASK_COMMAND\",\"_value\":\"\",\"_valueType\":\"string\",\"_hash\":\"0b5d05294fdf4e78e8482ef53eb64ac0\"}"},{"dataType":"ValueEntry","value":"{\"_name\":\"BUILTIN_TASK_ENV\",\"_value\":\"\",\"_valueType\":\"string\",\"_hash\":\"cdcdc2ec8062ca9ec1de46dbf2bbc053\"}"},{"dataType":"ValueEntry","value":"{\"_name\":\"BUILTIN_TASK_TOOLCHAIN\",\"_value\":\"\",\"_valueType\":\"string\",\"_hash\":\"e7f94a9422a8bc317a7d90b58efcb5f6\"}"},{"dataType":"ValueEntry","value":"{\"_name\":\"apiType\",\"_value\":\"stageMode\",\"_valueType\":\"string\",\"_hash\":\"699c7565645ea3ea8c88551a4926a3d5\"}"},{"dataType":"ValueEntry","value":"{\"_name\":\"byteCodeHar\",\"_value\":false,\"_valueType\":\"boolean\",\"_hash\":\"1918a3ccb645ccacd0aedd84fc6cf8a4\"}"},{"dataType":"ValueEntry","value":"{\"_name\":\"codeType\",\"_value\":true,\"_valueType\":\"boolean\",\"_hash\":\"d6dcf21a9f078b661283507536e57ce8\"}"},{"dataType":"ValueEntry","value":"{\"_name\":\"compatibleApiVersion\",\"_value\":13,\"_valueType\":\"number\",\"_hash\":\"285c7007704e8c3a7d2dba4f9a0b160b\"}"},{"dataType":"ValueEntry","value":"{\"_name\":\"compileApiVersion\",\"_value\":19,\"_valueType\":\"number\",\"_hash\":\"567aaa33725055ef7398e5c2f3a65c4e\"}"},{"dataType":"ValueEntry","value":"{\"_name\":\"configuration\",\"_value\":\"\",\"_valueType\":\"string\",\"_hash\":\"d12f0038691f8f34d654391bbcee2f8e\"}"},{"dataType":"ValueEntry","value":"{\"_name\":\"configurationFileJson\",\"_value\":\"\",\"_valueType\":\"string\",\"_hash\":\"2b55287f40f7e8896b21bab4028e156b\"}"},{"dataType":"ValueEntry","value":"{\"_name\":\"customTypes\",\"_value\":\"\",\"_valueType\":\"string\",\"_hash\":\"970a2695bffac1c5a4fa283dc36050e3\"}"},{"dataType":"ValueEntry","value":"{\"_name\":\"deviceType\",\"_value\":[\"default\",\"tablet\"],\"_valueType\":\"object\",\"_hash\":\"3f44547af15457ff8e1ec09282ca9922\"}"},{"dataType":"ValueEntry","value":"{\"_name\":\"integrated_hsp\",\"_value\":false,\"_valueType\":\"boolean\",\"_hash\":\"2538281751f182d9123d2ab28efaf9be\"}"},{"dataType":"ValueEntry","value":"{\"_name\":\"isSupportOhpmProj\",\"_value\":true,\"_valueType\":\"boolean\",\"_hash\":\"f3a249d7e3f751316e931b8a08b074b4\"}"},{"dataType":"ValueEntry","value":"{\"_name\":\"moduleJsonOpt\",\"_value\":\"{\\\"jsonFilePath\\\":\\\"/Users/jason/DevEcoStudioProjects/ohos_pull_to_refresh/library/src/main/module.json5\\\",\\\"profile\\\":{\\\"module\\\":{\\\"name\\\":\\\"library\\\",\\\"type\\\":\\\"har\\\",\\\"deviceTypes\\\":[\\\"default\\\",\\\"tablet\\\"],\\\"uiSyntax\\\":\\\"ets\\\"}},\\\"deviceTypes\\\":[\\\"default\\\",\\\"tablet\\\"],\\\"deviceConfig\\\":\\\"deviceTypes\\\",\\\"configurationProfile\\\":\\\"module.json5\\\"}\",\"_valueType\":\"string\",\"_hash\":\"af89c15f02861031eebf1c27075c2ed4\"}"},{"dataType":"ValueEntry","value":"{\"_name\":\"profileModuleName\",\"_value\":\"library\",\"_valueType\":\"string\",\"_hash\":\"cab74f427d1161bc03b31de4990162a9\"}"},{"dataType":"ValueEntry","value":"{\"_name\":\"removePermissions\",\"_valueType\":\"undefined\",\"_hash\":\"0703cfc523a152c6195a8fd1935503e5\"}"},{"dataType":"ValueEntry","value":"{\"_name\":\"sdkToolchainsComponentVersion\",\"_value\":\"5.1.1.202\",\"_valueType\":\"string\",\"_hash\":\"563d9bcc281cd01fa8ec07aebc54544a\"}"},{"dataType":"ValueEntry","value":"{\"_name\":\"sourceRoots\",\"_value\":true,\"_valueType\":\"boolean\",\"_hash\":\"a369c115d2c4122f3819759804ec9d35\"}"},{"dataType":"ValueEntry","value":"{\"_name\":\"targetStatusCode\",\"_value\":2,\"_valueType\":\"number\",\"_hash\":\"5a9255c0f4ee50904a9349ebafca8369\"}"},{"dataType":"ValueEntry","value":"{\"_name\":\"transformLib\",\"_value\":\"\",\"_valueType\":\"string\",\"_hash\":\"7d270d0ce7ae5c6e2e32760cb396ea5a\"}"},{"dataType":"ValueEntry","value":"{\"_name\":\"useNormalizedOHMUrl\",\"_value\":true,\"_valueType\":\"boolean\",\"_hash\":\"05eabcf12e6fe230e579e0fd37679db6\"}"}],"_successful":true,"_projectName":"ohos_pull_to_refresh","_moduleName":"library","_taskName":"default@PreBuild","_key":":ohos_pull_to_refresh:library:default@PreBuild","_executionId":":ohos_pull_to_refresh:library:default@PreBuild:1757905700786","_inputFiles":{"dataType":"Map","value":[["/Users/jason/DevEcoStudioProjects/ohos_pull_to_refresh/AppScope/app.json5",{"isDirectory":false,"fileSnapShotHashValue":"dd74898df620d8dd8c8851e8fcde9a11"}],["/Users/jason/DevEcoStudioProjects/ohos_pull_to_refresh/library/src/main/module.json5",{"isDirectory":false,"fileSnapShotHashValue":"97a9cb2208061df99585625bd2e40678"}],["/Users/jason/DevEcoStudioProjects/ohos_pull_to_refresh/build-profile.json5",{"fileSnapShotHashValue":"a3b42c01cefd08660166df57198762f5"}],["/Users/jason/DevEcoStudioProjects/ohos_pull_to_refresh/library/build-profile.json5",{"fileSnapShotHashValue":"c248cf2be8597f67ec74b7479d8c6af1"}],["/Users/jason/DevEcoStudioProjects/ohos_pull_to_refresh/hvigor/hvigor-config.json5",{"isDirectory":true,"fileSnapShotHashValue":"9ff556e0428ea0e8c0b59ad66aa58e4e"}],["/Users/jason/DevEcoStudioProjects/ohos_pull_to_refresh/library/oh-package.json5",{"fileSnapShotHashValue":"e949893d67fc29ab43bb5778ba573554"}],["/Users/jason/DevEcoStudioProjects/ohos_pull_to_refresh/oh-package.json5",{"fileSnapShotHashValue":"33ea6532b1f1daa8a2d7d72023308808"}]]},"_outputFiles":{"dataType":"Map","value":[]}},":ohos_pull_to_refresh:entry:default@CreateModuleInfo":{"_inputs":[{"dataType":"ValueEntry","value":"{\"_name\":\"ohosUiTransformOptimization\",\"_value\":false,\"_valueType\":\"boolean\"}"},{"dataType":"ValueEntry","value":"{\"_name\":\"BUILTIN_TASK_COMMAND\",\"_value\":\"\",\"_valueType\":\"string\"}"},{"dataType":"ValueEntry","value":"{\"_name\":\"BUILTIN_TASK_TOOLCHAIN\",\"_value\":\"\",\"_valueType\":\"string\"}"},{"dataType":"ValueEntry","value":"{\"_name\":\"BUILTIN_TASK_ENV\",\"_value\":\"\",\"_valueType\":\"string\"}"}],"_successful":false,"_projectName":"ohos_pull_to_refresh","_moduleName":"entry","_taskName":"default@CreateModuleInfo","_key":":ohos_pull_to_refresh:entry:default@CreateModuleInfo","_executionId":":ohos_pull_to_refresh:entry:default@CreateModuleInfo:1758010379153","_inputFiles":{"dataType":"Map","value":[]},"_outputFiles":{"dataType":"Map","value":[["/Users/jason/DevEcoStudioProjects/ohos_pull_to_refresh/entry/build/default/generated/profile/default/ModuleInfo.ts",{"isDirectory":false,"fileSnapShotHashValue":""}]]}},":ohos_pull_to_refresh:entry:default@GenerateMetadata":{"_inputs":[{"dataType":"ValueEntry","value":"{\"_name\":\"BUILTIN_TASK_COMMAND\",\"_value\":\"\",\"_valueType\":\"string\",\"_hash\":\"0b5d05294fdf4e78e8482ef53eb64ac0\"}"},{"dataType":"ValueEntry","value":"{\"_name\":\"BUILTIN_TASK_ENV\",\"_value\":\"\",\"_valueType\":\"string\",\"_hash\":\"cdcdc2ec8062ca9ec1de46dbf2bbc053\"}"},{"dataType":"ValueEntry","value":"{\"_name\":\"BUILTIN_TASK_TOOLCHAIN\",\"_value\":\"\",\"_valueType\":\"string\",\"_hash\":\"e7f94a9422a8bc317a7d90b58efcb5f6\"}"},{"dataType":"ValueEntry","value":"{\"_name\":\"artifactName\",\"_value\":\"\",\"_valueType\":\"string\",\"_hash\":\"7f42b9cbe0181813f8dc60881bf90988\"}"},{"dataType":"ValueEntry","value":"{\"_name\":\"isSigned\",\"_value\":true,\"_valueType\":\"boolean\",\"_hash\":\"64af347b4db9779050781c231d4eec1b\"}"},{"dataType":"ValueEntry","value":"{\"_name\":\"relatedEntryModules\",\"_value\":\"\",\"_valueType\":\"string\",\"_hash\":\"85b4d1fa598cae3838191eb99a09f4dd\"}"},{"dataType":"ValueEntry","value":"{\"_name\":\"remoteHspMetaData\",\"_value\":[],\"_valueType\":\"object\",\"_hash\":\"fbb8220e0c8d7b6197c24bdb06eb568c\"}"},{"dataType":"ValueEntry","value":"{\"_name\":\"targetDeviceType\",\"_value\":[\"default\",\"tablet\"],\"_valueType\":\"object\",\"_hash\":\"29b5156d11ab91ded8ed5f27e60762f0\"}"}],"_successful":true,"_projectName":"ohos_pull_to_refresh","_moduleName":"entry","_taskName":"default@GenerateMetadata","_key":":ohos_pull_to_refresh:entry:default@GenerateMetadata","_executionId":":ohos_pull_to_refresh:entry:default@GenerateMetadata:1757499379511","_inputFiles":{"dataType":"Map","value":[["/Users/jason/DevEcoStudioProjects/ohos_pull_to_refresh/entry/src/main/module.json5",{"fileSnapShotHashValue":"e8f662643cce9a615c126fcf85a34552"}]]},"_outputFiles":{"dataType":"Map","value":[["/Users/jason/DevEcoStudioProjects/ohos_pull_to_refresh/entry/build/default/intermediates/hap_metadata/default/output_metadata.json",{"fileSnapShotHashValue":"e101973f698bd886141d3927a17dd25d"}]]}},":ohos_pull_to_refresh:entry:default@GeneratePkgContextInfo":{"_inputs":[{"dataType":"ValueEntry","value":"{\"_name\":\"BUILTIN_TASK_COMMAND\",\"_value\":\"\",\"_valueType\":\"string\",\"_hash\":\"0b5d05294fdf4e78e8482ef53eb64ac0\"}"},{"dataType":"ValueEntry","value":"{\"_name\":\"BUILTIN_TASK_ENV\",\"_value\":\"\",\"_valueType\":\"string\",\"_hash\":\"cdcdc2ec8062ca9ec1de46dbf2bbc053\"}"},{"dataType":"ValueEntry","value":"{\"_name\":\"BUILTIN_TASK_TOOLCHAIN\",\"_value\":\"\",\"_valueType\":\"string\",\"_hash\":\"e7f94a9422a8bc317a7d90b58efcb5f6\"}"},{"dataType":"ValueEntry","value":"{\"_name\":\"pkgContextInfoMap\",\"_value\":\"{\\\"@ohos/pulltorefresh\\\":{\\\"packageName\\\":\\\"@ohos/pulltorefresh\\\",\\\"bundleName\\\":\\\"\\\",\\\"moduleName\\\":\\\"\\\",\\\"version\\\":\\\"2.1.1\\\",\\\"entryPath\\\":\\\"index.ets\\\",\\\"isSO\\\":false,\\\"dependencyAlias\\\":\\\"\\\"},\\\"@ohos/hypium\\\":{\\\"packageName\\\":\\\"@ohos/hypium\\\",\\\"bundleName\\\":\\\"\\\",\\\"moduleName\\\":\\\"\\\",\\\"version\\\":\\\"1.0.6\\\",\\\"entryPath\\\":\\\"index.js\\\",\\\"isSO\\\":false,\\\"dependencyAlias\\\":\\\"\\\"},\\\"entry\\\":{\\\"packageName\\\":\\\"entry\\\",\\\"bundleName\\\":\\\"\\\",\\\"moduleName\\\":\\\"\\\",\\\"version\\\":\\\"\\\",\\\"entryPath\\\":\\\"src/main/\\\",\\\"isSO\\\":false,\\\"dependencyAlias\\\":\\\"\\\"}}\",\"_valueType\":\"string\",\"_hash\":\"8bcf97478f033a734414bd23c9b81ebf\"}"},{"dataType":"ValueEntry","value":"{\"_name\":\"useNormalizedOHMUrl\",\"_value\":true,\"_valueType\":\"boolean\",\"_hash\":\"05eabcf12e6fe230e579e0fd37679db6\"}"}],"_successful":true,"_projectName":"ohos_pull_to_refresh","_moduleName":"entry","_taskName":"default@GeneratePkgContextInfo","_key":":ohos_pull_to_refresh:entry:default@GeneratePkgContextInfo","_executionId":":ohos_pull_to_refresh:entry:default@GeneratePkgContextInfo:1757499067622","_inputFiles":{"dataType":"Map","value":[]},"_outputFiles":{"dataType":"Map","value":[["/Users/jason/DevEcoStudioProjects/ohos_pull_to_refresh/entry/build/default/intermediates/loader/default/pkgContextInfo.json",{"isDirectory":false,"fileSnapShotHashValue":"62715793f1b6c9e143c45562b8138c1e"}]]}},":ohos_pull_to_refresh:entry:default@ProcessIntegratedHsp":{"_inputs":[{"dataType":"ValueEntry","value":"{\"_name\":\"bundleName\",\"_value\":\"com.example.pulltorefresh\",\"_valueType\":\"string\"}"},{"dataType":"ValueEntry","value":"{\"_name\":\"versionCode\",\"_value\":1000000,\"_valueType\":\"number\"}"},{"dataType":"ValueEntry","value":"{\"_name\":\"BUILTIN_TASK_COMMAND\",\"_value\":\"\",\"_valueType\":\"string\"}"},{"dataType":"ValueEntry","value":"{\"_name\":\"BUILTIN_TASK_TOOLCHAIN\",\"_value\":\"\",\"_valueType\":\"string\"}"},{"dataType":"ValueEntry","value":"{\"_name\":\"BUILTIN_TASK_ENV\",\"_value\":\"\",\"_valueType\":\"string\"}"}],"_successful":true,"_projectName":"ohos_pull_to_refresh","_moduleName":"entry","_taskName":"default@ProcessIntegratedHsp","_key":":ohos_pull_to_refresh:entry:default@ProcessIntegratedHsp","_executionId":":ohos_pull_to_refresh:entry:default@ProcessIntegratedHsp:1758010379156","_inputFiles":{"dataType":"Map","value":[]},"_outputFiles":{"dataType":"Map","value":[["/Users/jason/DevEcoStudioProjects/ohos_pull_to_refresh/build/cache/default/integrated_hsp/integratedHspCache.json",{"isDirectory":false,"fileSnapShotHashValue":""}]]}},":ohos_pull_to_refresh:library:default@CreateHarBuildProfile":{"_inputs":[{"dataType":"ValueEntry","value":"{\"_name\":\"BUILTIN_TASK_COMMAND\",\"_value\":\"\",\"_valueType\":\"string\",\"_hash\":\"0b5d05294fdf4e78e8482ef53eb64ac0\"}"},{"dataType":"ValueEntry","value":"{\"_name\":\"BUILTIN_TASK_ENV\",\"_value\":\"\",\"_valueType\":\"string\",\"_hash\":\"cdcdc2ec8062ca9ec1de46dbf2bbc053\"}"},{"dataType":"ValueEntry","value":"{\"_name\":\"BUILTIN_TASK_TOOLCHAIN\",\"_value\":\"\",\"_valueType\":\"string\",\"_hash\":\"e7f94a9422a8bc317a7d90b58efcb5f6\"}"},{"dataType":"ValueEntry","value":"{\"_name\":\"buildMode\",\"_value\":\"Debug\",\"_valueType\":\"string\",\"_hash\":\"8120d22ada0d6de22b101e1f4ea16e81\"}"},{"dataType":"ValueEntry","value":"{\"_name\":\"buildModeName\",\"_value\":\"debug\",\"_valueType\":\"string\",\"_hash\":\"3f0246ea410fd9efa9fc7196cca045e3\"}"},{"dataType":"ValueEntry","value":"{\"_name\":\"buildProfileFields\",\"_value\":\"\",\"_valueType\":\"string\",\"_hash\":\"21090e125326cef17357e44b789a1ab5\"}"},{"dataType":"ValueEntry","value":"{\"_name\":\"harTargetName\",\"_value\":\"default\",\"_valueType\":\"string\",\"_hash\":\"53e6c060474de05eddaa0cb5396e05a7\"}"},{"dataType":"ValueEntry","value":"{\"_name\":\"harVersion\",\"_value\":\"2.1.1\",\"_valueType\":\"string\",\"_hash\":\"f32e387926d5f0a5ed122babcd0cf790\"}"}],"_successful":true,"_projectName":"ohos_pull_to_refresh","_moduleName":"library","_taskName":"default@CreateHarBuildProfile","_key":":ohos_pull_to_refresh:library:default@CreateHarBuildProfile","_executionId":":ohos_pull_to_refresh:library:default@CreateHarBuildProfile:1757499379514","_inputFiles":{"dataType":"Map","value":[["/Users/jason/DevEcoStudioProjects/ohos_pull_to_refresh/AppScope/app.json5",{"fileSnapShotHashValue":"dd74898df620d8dd8c8851e8fcde9a11"}],["/Users/jason/DevEcoStudioProjects/ohos_pull_to_refresh/build-profile.json5",{"fileSnapShotHashValue":"a3b42c01cefd08660166df57198762f5"}]]},"_outputFiles":{"dataType":"Map","value":[["/Users/jason/DevEcoStudioProjects/ohos_pull_to_refresh/library/BuildProfile.ets",{"fileSnapShotHashValue":"52ba8ceac2c298b9fceaa53df86df8d3"}]]}},":ohos_pull_to_refresh:library:default@MergeProfile":{"_inputs":[{"dataType":"ValueEntry","value":"{\"_name\":\"BUILTIN_TASK_COMMAND\",\"_value\":\"\",\"_valueType\":\"string\",\"_hash\":\"0b5d05294fdf4e78e8482ef53eb64ac0\"}"},{"dataType":"ValueEntry","value":"{\"_name\":\"BUILTIN_TASK_ENV\",\"_value\":\"\",\"_valueType\":\"string\",\"_hash\":\"cdcdc2ec8062ca9ec1de46dbf2bbc053\"}"},{"dataType":"ValueEntry","value":"{\"_name\":\"BUILTIN_TASK_TOOLCHAIN\",\"_value\":\"\",\"_valueType\":\"string\",\"_hash\":\"e7f94a9422a8bc317a7d90b58efcb5f6\"}"},{"dataType":"ValueEntry","value":"{\"_name\":\"appJsonOpt\",\"_value\":\"{\\\"app\\\":{\\\"bundleName\\\":\\\"com.example.pulltorefresh\\\",\\\"vendor\\\":\\\"example\\\",\\\"versionCode\\\":1000000,\\\"versionName\\\":\\\"1.0.0\\\",\\\"icon\\\":\\\"$media:app_icon\\\",\\\"label\\\":\\\"$string:app_name\\\",\\\"distributedNotificationEnabled\\\":true}}\",\"_valueType\":\"string\",\"_hash\":\"981fe383dcc900c658a338259ab4148a\"}"},{"dataType":"ValueEntry","value":"{\"_name\":\"asanEnable\",\"_value\":false,\"_valueType\":\"boolean\",\"_hash\":\"bc2129ba20a21b7e5234139ede1b4d7b\"}"},{"dataType":"ValueEntry","value":"{\"_name\":\"buildProfileAbilities\",\"_valueType\":\"undefined\",\"_hash\":\"40d5093f345351dd6d67ce5d6a209345\"}"},{"dataType":"ValueEntry","value":"{\"_name\":\"buildRoot\",\"_value\":\"build\",\"_valueType\":\"string\",\"_hash\":\"4c2dd7bb7507f74001ec27f2936db7f9\"}"},{"dataType":"ValueEntry","value":"{\"_name\":\"compatibleSdkVersion\",\"_value\":13,\"_valueType\":\"number\",\"_hash\":\"2877122447c9f3e8e65200a7fb40d519\"}"},{"dataType":"ValueEntry","value":"{\"_name\":\"hwasanEnable\",\"_value\":false,\"_valueType\":\"boolean\",\"_hash\":\"d35c8440e915c3a94c482ddd6f7af075\"}"},{"dataType":"ValueEntry","value":"{\"_name\":\"integratedHsp\",\"_value\":false,\"_valueType\":\"boolean\",\"_hash\":\"e67900c25b1f9fb70cc779de77dc6912\"}"},{"dataType":"ValueEntry","value":"{\"_name\":\"isBundledDependencies\",\"_value\":false,\"_valueType\":\"boolean\",\"_hash\":\"a69aa552317c7a6e087cb84a5722e050\"}"},{"dataType":"ValueEntry","value":"{\"_name\":\"isDebug\",\"_value\":true,\"_valueType\":\"boolean\",\"_hash\":\"edbf05a2d2be2c385e75d9565a48d419\"}"},{"dataType":"ValueEntry","value":"{\"_name\":\"isHarModule\",\"_value\":true,\"_valueType\":\"boolean\",\"_hash\":\"02f77a1e25718bf2a5689a57185f47f6\"}"},{"dataType":"ValueEntry","value":"{\"_name\":\"moduleJsonOpt\",\"_value\":\"{\\\"module\\\":{\\\"name\\\":\\\"library\\\",\\\"type\\\":\\\"har\\\",\\\"deviceTypes\\\":[\\\"default\\\",\\\"tablet\\\"],\\\"uiSyntax\\\":\\\"ets\\\"}}\",\"_valueType\":\"string\",\"_hash\":\"34cfb58da41b28eaf37d2a2998570e49\"}"},{"dataType":"ValueEntry","value":"{\"_name\":\"multiProjects\",\"_value\":false,\"_valueType\":\"boolean\",\"_hash\":\"555604752defc243b4e4c55d1549fc06\"}"},{"dataType":"ValueEntry","value":"{\"_name\":\"ohLibs\",\"_value\":[],\"_valueType\":\"object\",\"_hash\":\"2925e1c2cb4c5cb62380d4f68b21377c\"}"},{"dataType":"ValueEntry","value":"{\"_name\":\"packageName\",\"_value\":\"@ohos/pulltorefresh\",\"_valueType\":\"string\",\"_hash\":\"9c0a606ea76cc3a0619c00079222061f\"}"},{"dataType":"ValueEntry","value":"{\"_name\":\"projectConfigAppOpt\",\"_valueType\":\"undefined\",\"_hash\":\"b52997704fa206ed96a13a1f2e464a85\"}"},{"dataType":"ValueEntry","value":"{\"_name\":\"releaseType\",\"_value\":\"Release\",\"_valueType\":\"string\",\"_hash\":\"bbcabdda034e97584f8c36f85b3ec517\"}"},{"dataType":"ValueEntry","value":"{\"_name\":\"removePermissions\",\"_valueType\":\"undefined\",\"_hash\":\"0703cfc523a152c6195a8fd1935503e5\"}"},{"dataType":"ValueEntry","value":"{\"_name\":\"targetSdkVersion\",\"_value\":19,\"_valueType\":\"number\",\"_hash\":\"94ea607557d20e114ddba9209dfed573\"}"},{"dataType":"ValueEntry","value":"{\"_name\":\"tsanEnable\",\"_value\":false,\"_valueType\":\"boolean\",\"_hash\":\"086cac69f102cdd9ee25e54982ad7b76\"}"},{"dataType":"ValueEntry","value":"{\"_name\":\"ubsanEnable\",\"_value\":false,\"_valueType\":\"boolean\",\"_hash\":\"3b15da42c5f4b695fbd1d0b43191764a\"}"}],"_successful":true,"_projectName":"ohos_pull_to_refresh","_moduleName":"library","_taskName":"default@MergeProfile","_key":":ohos_pull_to_refresh:library:default@MergeProfile","_executionId":":ohos_pull_to_refresh:library:default@MergeProfile:1757499379515","_inputFiles":{"dataType":"Map","value":[["/Users/jason/DevEcoStudioProjects/ohos_pull_to_refresh/AppScope/app.json5",{"fileSnapShotHashValue":"dd74898df620d8dd8c8851e8fcde9a11"}],["/Users/jason/DevEcoStudioProjects/ohos_pull_to_refresh/build-profile.json5",{"fileSnapShotHashValue":"a3b42c01cefd08660166df57198762f5"}],["/Users/jason/DevEcoStudioProjects/ohos_pull_to_refresh/library/src/main/module.json5",{"fileSnapShotHashValue":"97a9cb2208061df99585625bd2e40678"}]]},"_outputFiles":{"dataType":"Map","value":[["/Users/jason/DevEcoStudioProjects/ohos_pull_to_refresh/library/build/default/intermediates/merge_profile/default/module.json",{"fileSnapShotHashValue":"36adfe4b83d447b33174ddec0619d50f"}]]}},":ohos_pull_to_refresh:entry:default@SyscapTransform":{"_inputs":[{"dataType":"ValueEntry","value":"{\"_name\":\"deviceTypes\",\"_value\":[\"default\",\"tablet\"],\"_valueType\":\"object\"}"},{"dataType":"ValueEntry","value":"{\"_name\":\"BUILTIN_TASK_COMMAND\",\"_value\":\"\",\"_valueType\":\"string\"}"},{"dataType":"ValueEntry","value":"{\"_name\":\"BUILTIN_TASK_TOOLCHAIN\",\"_value\":\"\",\"_valueType\":\"string\"}"},{"dataType":"ValueEntry","value":"{\"_name\":\"BUILTIN_TASK_ENV\",\"_value\":\"\",\"_valueType\":\"string\"}"}],"_successful":true,"_projectName":"ohos_pull_to_refresh","_moduleName":"entry","_taskName":"default@SyscapTransform","_key":":ohos_pull_to_refresh:entry:default@SyscapTransform","_executionId":":ohos_pull_to_refresh:entry:default@SyscapTransform:1758010379158","_inputFiles":{"dataType":"Map","value":[["/Applications/DevEco-Studio.app/Contents/sdk/default/openharmony/toolchains/syscap_tool",{"fileSnapShotHashValue":"7e4c6a6640a2ccd94762e7da3bb53351"}],["/Applications/DevEco-Studio.app/Contents/sdk/default/openharmony/ets/api/device-define",{"fileSnapShotHashValue":"fed52a2d7ef3a1232c7b1427defd30a8"}]]},"_outputFiles":{"dataType":"Map","value":[["/Users/jason/DevEcoStudioProjects/ohos_pull_to_refresh/entry/build/default/intermediates/syscap/default/rpcid.sc",{"fileSnapShotHashValue":""}]]}},":ohos_pull_to_refresh:entry:default@ProcessRouterMap":{"_inputs":[{"dataType":"ValueEntry","value":"{\"_name\":\"BUILTIN_TASK_COMMAND\",\"_value\":\"\",\"_valueType\":\"string\",\"_hash\":\"0b5d05294fdf4e78e8482ef53eb64ac0\"}"},{"dataType":"ValueEntry","value":"{\"_name\":\"BUILTIN_TASK_ENV\",\"_value\":\"\",\"_valueType\":\"string\",\"_hash\":\"cdcdc2ec8062ca9ec1de46dbf2bbc053\"}"},{"dataType":"ValueEntry","value":"{\"_name\":\"BUILTIN_TASK_TOOLCHAIN\",\"_value\":\"\",\"_valueType\":\"string\",\"_hash\":\"e7f94a9422a8bc317a7d90b58efcb5f6\"}"},{"dataType":"ValueEntry","value":"{\"_name\":\"byteCodeHar\",\"_value\":false,\"_valueType\":\"boolean\",\"_hash\":\"1918a3ccb645ccacd0aedd84fc6cf8a4\"}"},{"dataType":"ValueEntry","value":"{\"_name\":\"obfuscated\",\"_value\":true,\"_valueType\":\"boolean\",\"_hash\":\"a69c27b9cf01a6710d3662cfe180239f\"}"},{"dataType":"ValueEntry","value":"{\"_name\":\"useNormalizedOHMUrl\",\"_value\":true,\"_valueType\":\"boolean\",\"_hash\":\"05eabcf12e6fe230e579e0fd37679db6\"}"}],"_successful":true,"_projectName":"ohos_pull_to_refresh","_moduleName":"entry","_taskName":"default@ProcessRouterMap","_key":":ohos_pull_to_refresh:entry:default@ProcessRouterMap","_executionId":":ohos_pull_to_refresh:entry:default@ProcessRouterMap:1757905700821","_inputFiles":{"dataType":"Map","value":[["/Users/jason/DevEcoStudioProjects/ohos_pull_to_refresh/entry/oh-package.json5",{"fileSnapShotHashValue":"3d60a232e901b6bf0eb289a02bda7a8a"}],["/Users/jason/DevEcoStudioProjects/ohos_pull_to_refresh/oh-package.json5",{"fileSnapShotHashValue":"33ea6532b1f1daa8a2d7d72023308808"}],["/Users/jason/DevEcoStudioProjects/ohos_pull_to_refresh/entry/src/main/module.json5",{"fileSnapShotHashValue":"e8f662643cce9a615c126fcf85a34552"}],["/Users/jason/DevEcoStudioProjects/ohos_pull_to_refresh/entry/build/default/intermediates/loader/default/pkgContextInfo.json",{"fileSnapShotHashValue":"62715793f1b6c9e143c45562b8138c1e"}]]},"_outputFiles":{"dataType":"Map","value":[["/Users/jason/DevEcoStudioProjects/ohos_pull_to_refresh/entry/build/default/intermediates/router_map/default/temp-router-map.json",{"fileSnapShotHashValue":"ebd7f3c2dfeb3e0b4147855a8ac05fb6"}],["/Users/jason/DevEcoStudioProjects/ohos_pull_to_refresh/entry/build/default/intermediates/router_map/default/loader-router-map.json",{"fileSnapShotHashValue":"49afaaa377a675f34706874f3433d9aa"}]]}},":ohos_pull_to_refresh:entry:default@ProcessStartupConfig":{"_inputs":[{"dataType":"ValueEntry","value":"{\"_name\":\"appStartupFileName\",\"_value\":\"\",\"_valueType\":\"string\"}"},{"dataType":"ValueEntry","value":"{\"_name\":\"@ohos/pulltorefresh\",\"_value\":\"\",\"_valueType\":\"string\"}"},{"dataType":"ValueEntry","value":"{\"_name\":\"useNormalizedOHMUrl\",\"_value\":true,\"_valueType\":\"boolean\"}"},{"dataType":"ValueEntry","value":"{\"_name\":\"BUILTIN_TASK_COMMAND\",\"_value\":\"\",\"_valueType\":\"string\"}"},{"dataType":"ValueEntry","value":"{\"_name\":\"BUILTIN_TASK_TOOLCHAIN\",\"_value\":\"\",\"_valueType\":\"string\"}"},{"dataType":"ValueEntry","value":"{\"_name\":\"BUILTIN_TASK_ENV\",\"_value\":\"\",\"_valueType\":\"string\"}"}],"_successful":true,"_projectName":"ohos_pull_to_refresh","_moduleName":"entry","_taskName":"default@ProcessStartupConfig","_key":":ohos_pull_to_refresh:entry:default@ProcessStartupConfig","_executionId":":ohos_pull_to_refresh:entry:default@ProcessStartupConfig:1758010379159","_inputFiles":{"dataType":"Map","value":[["/Users/jason/DevEcoStudioProjects/ohos_pull_to_refresh/entry/build/default/intermediates/loader/default/pkgContextInfo.json",{"fileSnapShotHashValue":"62715793f1b6c9e143c45562b8138c1e"}]]},"_outputFiles":{"dataType":"Map","value":[["/Users/jason/DevEcoStudioProjects/ohos_pull_to_refresh/entry/build/default/intermediates/startup/default/startup_config.json",{"fileSnapShotHashValue":""}]]}},":ohos_pull_to_refresh:entry:default@CreateBuildProfile":{"_inputs":[{"dataType":"ValueEntry","value":"{\"_name\":\"BUILTIN_TASK_COMMAND\",\"_value\":\"\",\"_valueType\":\"string\",\"_hash\":\"0b5d05294fdf4e78e8482ef53eb64ac0\"}"},{"dataType":"ValueEntry","value":"{\"_name\":\"BUILTIN_TASK_ENV\",\"_value\":\"\",\"_valueType\":\"string\",\"_hash\":\"cdcdc2ec8062ca9ec1de46dbf2bbc053\"}"},{"dataType":"ValueEntry","value":"{\"_name\":\"BUILTIN_TASK_TOOLCHAIN\",\"_value\":\"\",\"_valueType\":\"string\",\"_hash\":\"e7f94a9422a8bc317a7d90b58efcb5f6\"}"},{"dataType":"ValueEntry","value":"{\"_name\":\"buildMode\",\"_value\":\"Debug\",\"_valueType\":\"string\",\"_hash\":\"8120d22ada0d6de22b101e1f4ea16e81\"}"},{"dataType":"ValueEntry","value":"{\"_name\":\"buildModeName\",\"_value\":\"debug\",\"_valueType\":\"string\",\"_hash\":\"3f0246ea410fd9efa9fc7196cca045e3\"}"},{"dataType":"ValueEntry","value":"{\"_name\":\"buildProfileFields\",\"_value\":\"\",\"_valueType\":\"string\",\"_hash\":\"21090e125326cef17357e44b789a1ab5\"}"},{"dataType":"ValueEntry","value":"{\"_name\":\"projectOhosConfigAppOpt\",\"_value\":\"\",\"_valueType\":\"string\",\"_hash\":\"7613f1b2cb16d78bb723d12882b0d923\"}"}],"_successful":true,"_projectName":"ohos_pull_to_refresh","_moduleName":"entry","_taskName":"default@CreateBuildProfile","_key":":ohos_pull_to_refresh:entry:default@CreateBuildProfile","_executionId":":ohos_pull_to_refresh:entry:default@CreateBuildProfile:1757499379518","_inputFiles":{"dataType":"Map","value":[["/Users/jason/DevEcoStudioProjects/ohos_pull_to_refresh/AppScope/app.json5",{"fileSnapShotHashValue":"dd74898df620d8dd8c8851e8fcde9a11"}],["/Users/jason/DevEcoStudioProjects/ohos_pull_to_refresh/build-profile.json5",{"fileSnapShotHashValue":"a3b42c01cefd08660166df57198762f5"}]]},"_outputFiles":{"dataType":"Map","value":[["/Users/jason/DevEcoStudioProjects/ohos_pull_to_refresh/entry/build/default/generated/profile/default/BuildProfile.ets",{"fileSnapShotHashValue":"f9909c6600ba5626f7f61984f46f7bb7"}]]}},":ohos_pull_to_refresh:entry:default@MergeProfile":{"_inputs":[{"dataType":"ValueEntry","value":"{\"_name\":\"BUILTIN_TASK_COMMAND\",\"_value\":\"\",\"_valueType\":\"string\",\"_hash\":\"0b5d05294fdf4e78e8482ef53eb64ac0\"}"},{"dataType":"ValueEntry","value":"{\"_name\":\"BUILTIN_TASK_ENV\",\"_value\":\"\",\"_valueType\":\"string\",\"_hash\":\"cdcdc2ec8062ca9ec1de46dbf2bbc053\"}"},{"dataType":"ValueEntry","value":"{\"_name\":\"BUILTIN_TASK_TOOLCHAIN\",\"_value\":\"\",\"_valueType\":\"string\",\"_hash\":\"e7f94a9422a8bc317a7d90b58efcb5f6\"}"},{"dataType":"ValueEntry","value":"{\"_name\":\"appJsonOpt\",\"_value\":\"{\\\"app\\\":{\\\"bundleName\\\":\\\"com.example.pulltorefresh\\\",\\\"vendor\\\":\\\"example\\\",\\\"versionCode\\\":1000000,\\\"versionName\\\":\\\"1.0.0\\\",\\\"icon\\\":\\\"$media:app_icon\\\",\\\"label\\\":\\\"$string:app_name\\\",\\\"distributedNotificationEnabled\\\":true}}\",\"_valueType\":\"string\",\"_hash\":\"981fe383dcc900c658a338259ab4148a\"}"},{"dataType":"ValueEntry","value":"{\"_name\":\"asanEnable\",\"_value\":false,\"_valueType\":\"boolean\",\"_hash\":\"bc2129ba20a21b7e5234139ede1b4d7b\"}"},{"dataType":"ValueEntry","value":"{\"_name\":\"buildProfileAbilities\",\"_valueType\":\"undefined\",\"_hash\":\"40d5093f345351dd6d67ce5d6a209345\"}"},{"dataType":"ValueEntry","value":"{\"_name\":\"buildRoot\",\"_value\":\"build\",\"_valueType\":\"string\",\"_hash\":\"4c2dd7bb7507f74001ec27f2936db7f9\"}"},{"dataType":"ValueEntry","value":"{\"_name\":\"compatibleSdkVersion\",\"_value\":13,\"_valueType\":\"number\",\"_hash\":\"2877122447c9f3e8e65200a7fb40d519\"}"},{"dataType":"ValueEntry","value":"{\"_name\":\"hwasanEnable\",\"_value\":false,\"_valueType\":\"boolean\",\"_hash\":\"d35c8440e915c3a94c482ddd6f7af075\"}"},{"dataType":"ValueEntry","value":"{\"_name\":\"integratedHsp\",\"_value\":false,\"_valueType\":\"boolean\",\"_hash\":\"e67900c25b1f9fb70cc779de77dc6912\"}"},{"dataType":"ValueEntry","value":"{\"_name\":\"isBundledDependencies\",\"_value\":false,\"_valueType\":\"boolean\",\"_hash\":\"a69aa552317c7a6e087cb84a5722e050\"}"},{"dataType":"ValueEntry","value":"{\"_name\":\"isDebug\",\"_value\":true,\"_valueType\":\"boolean\",\"_hash\":\"edbf05a2d2be2c385e75d9565a48d419\"}"},{"dataType":"ValueEntry","value":"{\"_name\":\"isHarModule\",\"_value\":false,\"_valueType\":\"boolean\",\"_hash\":\"a15b7a3ed818faa99a4a10d67f52cb72\"}"},{"dataType":"ValueEntry","value":"{\"_name\":\"moduleJsonOpt\",\"_value\":\"{\\\"module\\\":{\\\"name\\\":\\\"entry\\\",\\\"type\\\":\\\"entry\\\",\\\"description\\\":\\\"$string:entry_desc\\\",\\\"mainElement\\\":\\\"MainAbility\\\",\\\"deviceTypes\\\":[\\\"default\\\",\\\"tablet\\\"],\\\"deliveryWithInstall\\\":true,\\\"installationFree\\\":false,\\\"pages\\\":\\\"$profile:main_pages\\\",\\\"metadata\\\":[{\\\"name\\\":\\\"ArkTSPartialUpdate\\\",\\\"value\\\":\\\"true\\\"}],\\\"uiSyntax\\\":\\\"ets\\\",\\\"abilities\\\":[{\\\"name\\\":\\\"MainAbility\\\",\\\"srcEntry\\\":\\\"./ets/entryability/EntryAbility.ts\\\",\\\"description\\\":\\\"$string:MainAbility_desc\\\",\\\"icon\\\":\\\"$media:app_icon\\\",\\\"label\\\":\\\"$string:app_name\\\",\\\"startWindowIcon\\\":\\\"$media:icon\\\",\\\"startWindowBackground\\\":\\\"$color:white\\\",\\\"visible\\\":true,\\\"skills\\\":[{\\\"entities\\\":[\\\"entity.system.home\\\"],\\\"actions\\\":[\\\"action.system.home\\\"]}]}]}}\",\"_valueType\":\"string\",\"_hash\":\"bc7619d0ef1e34110dff84969aa17977\"}"},{"dataType":"ValueEntry","value":"{\"_name\":\"multiProjects\",\"_value\":false,\"_valueType\":\"boolean\",\"_hash\":\"555604752defc243b4e4c55d1549fc06\"}"},{"dataType":"ValueEntry","value":"{\"_name\":\"ohLibs\",\"_value\":[\"/Users/jason/DevEcoStudioProjects/ohos_pull_to_refresh/library/build/default/intermediates/merge_profile/default/module.json\"],\"_valueType\":\"object\",\"_hash\":\"acdf1fd2b499942c7eb38456ae12405b\"}"},{"dataType":"ValueEntry","value":"{\"_name\":\"packageName\",\"_value\":\"entry\",\"_valueType\":\"string\",\"_hash\":\"a754c30e6c7696d34a7f9aca5e67d70a\"}"},{"dataType":"ValueEntry","value":"{\"_name\":\"projectConfigAppOpt\",\"_valueType\":\"undefined\",\"_hash\":\"b52997704fa206ed96a13a1f2e464a85\"}"},{"dataType":"ValueEntry","value":"{\"_name\":\"releaseType\",\"_value\":\"Release\",\"_valueType\":\"string\",\"_hash\":\"bbcabdda034e97584f8c36f85b3ec517\"}"},{"dataType":"ValueEntry","value":"{\"_name\":\"removePermissions\",\"_valueType\":\"undefined\",\"_hash\":\"0703cfc523a152c6195a8fd1935503e5\"}"},{"dataType":"ValueEntry","value":"{\"_name\":\"targetSdkVersion\",\"_value\":19,\"_valueType\":\"number\",\"_hash\":\"94ea607557d20e114ddba9209dfed573\"}"},{"dataType":"ValueEntry","value":"{\"_name\":\"tsanEnable\",\"_value\":false,\"_valueType\":\"boolean\",\"_hash\":\"086cac69f102cdd9ee25e54982ad7b76\"}"},{"dataType":"ValueEntry","value":"{\"_name\":\"ubsanEnable\",\"_value\":false,\"_valueType\":\"boolean\",\"_hash\":\"3b15da42c5f4b695fbd1d0b43191764a\"}"}],"_successful":true,"_projectName":"ohos_pull_to_refresh","_moduleName":"entry","_taskName":"default@MergeProfile","_key":":ohos_pull_to_refresh:entry:default@MergeProfile","_executionId":":ohos_pull_to_refresh:entry:default@MergeProfile:1757499379519","_inputFiles":{"dataType":"Map","value":[["/Users/jason/DevEcoStudioProjects/ohos_pull_to_refresh/AppScope/app.json5",{"fileSnapShotHashValue":"dd74898df620d8dd8c8851e8fcde9a11"}],["/Users/jason/DevEcoStudioProjects/ohos_pull_to_refresh/build-profile.json5",{"fileSnapShotHashValue":"a3b42c01cefd08660166df57198762f5"}],["/Users/jason/DevEcoStudioProjects/ohos_pull_to_refresh/entry/src/main/module.json5",{"fileSnapShotHashValue":"e8f662643cce9a615c126fcf85a34552"}],["/Users/jason/DevEcoStudioProjects/ohos_pull_to_refresh/library/build/default/intermediates/merge_profile/default/module.json",{"fileSnapShotHashValue":"36adfe4b83d447b33174ddec0619d50f"}]]},"_outputFiles":{"dataType":"Map","value":[["/Users/jason/DevEcoStudioProjects/ohos_pull_to_refresh/entry/build/default/intermediates/merge_profile/default/module.json",{"fileSnapShotHashValue":"edda4f328ebab09af8d2f69513ce116b"}]]}},":ohos_pull_to_refresh:entry:default@GenerateLoaderJson":{"_inputs":[{"dataType":"ValueEntry","value":"{\"_name\":\"BUILTIN_TASK_COMMAND\",\"_value\":\"\",\"_valueType\":\"string\",\"_hash\":\"0b5d05294fdf4e78e8482ef53eb64ac0\"}"},{"dataType":"ValueEntry","value":"{\"_name\":\"BUILTIN_TASK_ENV\",\"_value\":\"\",\"_valueType\":\"string\",\"_hash\":\"cdcdc2ec8062ca9ec1de46dbf2bbc053\"}"},{"dataType":"ValueEntry","value":"{\"_name\":\"BUILTIN_TASK_TOOLCHAIN\",\"_value\":\"\",\"_valueType\":\"string\",\"_hash\":\"e7f94a9422a8bc317a7d90b58efcb5f6\"}"},{"dataType":"ValueEntry","value":"{\"_name\":\"anBuildMode\",\"_value\":\"type\",\"_valueType\":\"string\",\"_hash\":\"de241a1eec94a2a622ff1c89f32846a2\"}"},{"dataType":"ValueEntry","value":"{\"_name\":\"apPath\",\"_value\":\"/Users/jason/DevEcoStudioProjects/ohos_pull_to_refresh/entry/modules.ap\",\"_valueType\":\"string\",\"_hash\":\"c4b76d728050993465a4e4d7abb8d0c5\"}"},{"dataType":"ValueEntry","value":"{\"_name\":\"appStartupFileName\",\"_value\":\"\",\"_valueType\":\"string\",\"_hash\":\"87d81fdb1c6249048cc0cae16c042f58\"}"},{"dataType":"ValueEntry","value":"{\"_name\":\"compatibleApiVersion\",\"_value\":13,\"_valueType\":\"number\",\"_hash\":\"285c7007704e8c3a7d2dba4f9a0b160b\"}"},{"dataType":"ValueEntry","value":"{\"_name\":\"compileApiVersion\",\"_value\":19,\"_valueType\":\"number\",\"_hash\":\"567aaa33725055ef7398e5c2f3a65c4e\"}"},{"dataType":"ValueEntry","value":"{\"_name\":\"compileMode\",\"_value\":\"esmodule\",\"_valueType\":\"string\",\"_hash\":\"dacafc8e0b77a950178a0b4d142dc32c\"}"},{"dataType":"ValueEntry","value":"{\"_name\":\"dependencyModuleAbility\",\"_valueType\":\"undefined\",\"_hash\":\"3fd1daff9f22581e3cadc0099d1d2fa3\"}"},{"dataType":"ValueEntry","value":"{\"_name\":\"fallbackAnBuild\",\"_value\":false,\"_valueType\":\"boolean\",\"_hash\":\"a63e98bb3f368ced6ed4d5579ea7ca39\"}"},{"dataType":"ValueEntry","value":"{\"_name\":\"harNameOhmMap\",\"_value\":\"{}\",\"_valueType\":\"string\",\"_hash\":\"0faf006bccbcdc2c7f04ff2d8c87894f\"}"},{"dataType":"ValueEntry","value":"{\"_name\":\"hspNameOhmMap\",\"_value\":\"{}\",\"_valueType\":\"string\",\"_hash\":\"0e2d87e0c1ed279c66bc3efb8683e5d1\"}"},{"dataType":"ValueEntry","value":"{\"_name\":\"isBundledDependencies\",\"_value\":false,\"_valueType\":\"boolean\",\"_hash\":\"a69aa552317c7a6e087cb84a5722e050\"}"},{"dataType":"ValueEntry","value":"{\"_name\":\"isByteCodeHar\",\"_value\":false,\"_valueType\":\"boolean\",\"_hash\":\"c5f9b9e5cabee4253d52d0d01ca64ba2\"}"},{"dataType":"ValueEntry","value":"{\"_name\":\"isByteCodeHarOptimize\",\"_value\":false,\"_valueType\":\"boolean\",\"_hash\":\"8bead8cfc37204aef1ea61b5629a86a7\"}"},{"dataType":"ValueEntry","value":"{\"_name\":\"isFullCompilationEnabled\",\"_value\":true,\"_valueType\":\"boolean\",\"_hash\":\"98b683d049e4e7fc32ef1be5321fe0b6\"}"},{"dataType":"ValueEntry","value":"{\"_name\":\"isHarWithCoverage\",\"_value\":false,\"_valueType\":\"boolean\",\"_hash\":\"7224a86bd9c5f83cb9a1a61584afcfb4\"}"},{"dataType":"ValueEntry","value":"{\"_name\":\"isOhosTest\",\"_value\":false,\"_valueType\":\"boolean\",\"_hash\":\"d82a43074b4d7726f9a69dbce1ae80d2\"}"},{"dataType":"ValueEntry","value":"{\"_name\":\"modulePathMap\",\"_value\":\"{\\\"entry\\\":\\\"/Users/jason/DevEcoStudioProjects/ohos_pull_to_refresh/entry\\\",\\\"library\\\":\\\"/Users/jason/DevEcoStudioProjects/ohos_pull_to_refresh/library\\\"}\",\"_valueType\":\"string\",\"_hash\":\"e5d298983ec4cd74dd32ced37aa30dca\"}"},{"dataType":"ValueEntry","value":"{\"_name\":\"module_dependencies\",\"_value\":\"{\\\"@ohos/pulltorefresh\\\":\\\"file:../library\\\"}\",\"_valueType\":\"string\",\"_hash\":\"5009d448c8ee7d0c1f8e35fcd8ce673f\"}"},{"dataType":"ValueEntry","value":"{\"_name\":\"needSubmitArkTsWidget\",\"_value\":false,\"_valueType\":\"boolean\",\"_hash\":\"dc1ab65720a503a3d9098eab280b7116\"}"},{"dataType":"ValueEntry","value":"{\"_name\":\"nodeModulesPath\",\"_value\":\"/Users/jason/DevEcoStudioProjects/ohos_pull_to_refresh/entry/build/default/intermediates/loader_out/default/node_modules\",\"_valueType\":\"string\",\"_hash\":\"bf1c1188b2d0861fecb2d314b2872495\"}"},{"dataType":"ValueEntry","value":"{\"_name\":\"overrides\",\"_valueType\":\"undefined\",\"_hash\":\"0e8f66f8eb79c6f33fb153c3fc3942f4\"}"},{"dataType":"ValueEntry","value":"{\"_name\":\"patchConfig\",\"_value\":\"{\\\"changedFileList\\\":\\\"/Users/jason/DevEcoStudioProjects/ohos_pull_to_refresh/entry/build/default/intermediates/patch/default/changedFileList.json\\\"}\",\"_valueType\":\"string\",\"_hash\":\"8181e972b8c0327069e72f3ae4e33ae3\"}"},{"dataType":"ValueEntry","value":"{\"_name\":\"projectRootPath\",\"_value\":\"/Users/jason/DevEcoStudioProjects/ohos_pull_to_refresh\",\"_valueType\":\"string\",\"_hash\":\"d9b750d1131abbd824c52e5d330cac0b\"}"},{"dataType":"ValueEntry","value":"{\"_name\":\"project_dependencies\",\"_value\":\"{}\",\"_valueType\":\"string\",\"_hash\":\"e15496bf1de2273597f444f07f1ca6d5\"}"},{"dataType":"ValueEntry","value":"{\"_name\":\"shouldTreatHarAsHap\",\"_value\":false,\"_valueType\":\"boolean\",\"_hash\":\"24c9a48f68bd9cc73238825ca10c9629\"}"},{"dataType":"ValueEntry","value":"{\"_name\":\"targetConfig\",\"_value\":\"{\\\"name\\\":\\\"default\\\"}\",\"_valueType\":\"string\",\"_hash\":\"44f0c01d44e2bbf4013c5bb1f232e1fe\"}"},{"dataType":"ValueEntry","value":"{\"_name\":\"useNormalizedOHMUrl\",\"_value\":true,\"_valueType\":\"boolean\",\"_hash\":\"05eabcf12e6fe230e579e0fd37679db6\"}"}],"_successful":true,"_projectName":"ohos_pull_to_refresh","_moduleName":"entry","_taskName":"default@GenerateLoaderJson","_key":":ohos_pull_to_refresh:entry:default@GenerateLoaderJson","_executionId":":ohos_pull_to_refresh:entry:default@GenerateLoaderJson:1757905700827","_inputFiles":{"dataType":"Map","value":[["/Users/jason/DevEcoStudioProjects/ohos_pull_to_refresh/entry/build/default/intermediates/loader/default/pkgContextInfo.json",{"fileSnapShotHashValue":"62715793f1b6c9e143c45562b8138c1e"}],["/Users/jason/DevEcoStudioProjects/ohos_pull_to_refresh/entry/build/default/intermediates/router_map/default/temp-router-map.json",{"fileSnapShotHashValue":"ebd7f3c2dfeb3e0b4147855a8ac05fb6"}]]},"_outputFiles":{"dataType":"Map","value":[["/Users/jason/DevEcoStudioProjects/ohos_pull_to_refresh/entry/build/default/intermediates/loader/default/loader.json",{"isDirectory":false,"fileSnapShotHashValue":"1990ee3bfad576ae7ba362fe72c9c77e"}]]}},":ohos_pull_to_refresh:entry:default@MakePackInfo":{"_inputs":[{"dataType":"ValueEntry","value":"{\"_name\":\"BUILTIN_TASK_COMMAND\",\"_value\":\"\",\"_valueType\":\"string\",\"_hash\":\"0b5d05294fdf4e78e8482ef53eb64ac0\"}"},{"dataType":"ValueEntry","value":"{\"_name\":\"BUILTIN_TASK_ENV\",\"_value\":\"\",\"_valueType\":\"string\",\"_hash\":\"cdcdc2ec8062ca9ec1de46dbf2bbc053\"}"},{"dataType":"ValueEntry","value":"{\"_name\":\"BUILTIN_TASK_TOOLCHAIN\",\"_value\":\"\",\"_valueType\":\"string\",\"_hash\":\"e7f94a9422a8bc317a7d90b58efcb5f6\"}"},{"dataType":"ValueEntry","value":"{\"_name\":\"appResOpt\",\"_value\":\"{\\\"app\\\":{\\\"bundleName\\\":\\\"com.example.pulltorefresh\\\",\\\"vendor\\\":\\\"example\\\",\\\"versionCode\\\":1000000,\\\"versionName\\\":\\\"1.0.0\\\",\\\"icon\\\":\\\"$media:app_icon\\\",\\\"label\\\":\\\"$string:app_name\\\",\\\"distributedNotificationEnabled\\\":true}}\",\"_valueType\":\"string\",\"_hash\":\"d565a498670b1fd5490107d011e96a2e\"}"},{"dataType":"ValueEntry","value":"{\"_name\":\"compatibleSdkVersion\",\"_value\":13,\"_valueType\":\"number\",\"_hash\":\"2877122447c9f3e8e65200a7fb40d519\"}"},{"dataType":"ValueEntry","value":"{\"_name\":\"compileSdkVersion\",\"_value\":19,\"_valueType\":\"number\",\"_hash\":\"1071c8ec4836bccba6ad2b058f4d05f3\"}"},{"dataType":"ValueEntry","value":"{\"_name\":\"deviceTypes\",\"_value\":[\"default\",\"tablet\"],\"_valueType\":\"object\",\"_hash\":\"0342e19985c07130618d063695ce1f7c\"}"},{"dataType":"ValueEntry","value":"{\"_name\":\"integratedHsp\",\"_value\":false,\"_valueType\":\"boolean\",\"_hash\":\"e67900c25b1f9fb70cc779de77dc6912\"}"},{"dataType":"ValueEntry","value":"{\"_name\":\"moduleJsonOpt\",\"_value\":\"{\\\"module\\\":{\\\"name\\\":\\\"entry\\\",\\\"type\\\":\\\"entry\\\",\\\"description\\\":\\\"$string:entry_desc\\\",\\\"mainElement\\\":\\\"MainAbility\\\",\\\"deviceTypes\\\":[\\\"default\\\",\\\"tablet\\\"],\\\"deliveryWithInstall\\\":true,\\\"pages\\\":\\\"$profile:main_pages\\\",\\\"metadata\\\":[{\\\"name\\\":\\\"ArkTSPartialUpdate\\\",\\\"value\\\":\\\"true\\\"}],\\\"uiSyntax\\\":\\\"ets\\\",\\\"abilities\\\":[{\\\"name\\\":\\\"MainAbility\\\",\\\"srcEntry\\\":\\\"./ets/entryability/EntryAbility.ts\\\",\\\"description\\\":\\\"$string:MainAbility_desc\\\",\\\"icon\\\":\\\"$media:app_icon\\\",\\\"label\\\":\\\"$string:app_name\\\",\\\"startWindowIcon\\\":\\\"$media:icon\\\",\\\"startWindowBackground\\\":\\\"$color:white\\\",\\\"visible\\\":true,\\\"skills\\\":[{\\\"entities\\\":[\\\"entity.system.home\\\"],\\\"actions\\\":[\\\"action.system.home\\\"]}]}]}}\",\"_valueType\":\"string\",\"_hash\":\"6342d06209da64529a3802a1952adf28\"}"},{"dataType":"ValueEntry","value":"{\"_name\":\"projectConfigAppOpt\",\"_valueType\":\"undefined\",\"_hash\":\"b52997704fa206ed96a13a1f2e464a85\"}"},{"dataType":"ValueEntry","value":"{\"_name\":\"releaseType\",\"_value\":\"Release\",\"_valueType\":\"string\",\"_hash\":\"bbcabdda034e97584f8c36f85b3ec517\"}"}],"_successful":true,"_projectName":"ohos_pull_to_refresh","_moduleName":"entry","_taskName":"default@MakePackInfo","_key":":ohos_pull_to_refresh:entry:default@MakePackInfo","_executionId":":ohos_pull_to_refresh:entry:default@MakePackInfo:1757499379523","_inputFiles":{"dataType":"Map","value":[["/Users/jason/DevEcoStudioProjects/ohos_pull_to_refresh/AppScope/app.json5",{"fileSnapShotHashValue":"dd74898df620d8dd8c8851e8fcde9a11"}],["/Users/jason/DevEcoStudioProjects/ohos_pull_to_refresh/entry/src/main/module.json5",{"fileSnapShotHashValue":"e8f662643cce9a615c126fcf85a34552"}],["/Users/jason/DevEcoStudioProjects/ohos_pull_to_refresh/build-profile.json5",{"fileSnapShotHashValue":"a3b42c01cefd08660166df57198762f5"}]]},"_outputFiles":{"dataType":"Map","value":[["/Users/jason/DevEcoStudioProjects/ohos_pull_to_refresh/entry/build/default/outputs/default/pack.info",{"fileSnapShotHashValue":"7286bb02110b9c1eaf2d219b0a590249"}]]}},":ohos_pull_to_refresh:entry:default@ProcessProfile":{"_inputs":[{"dataType":"ValueEntry","value":"{\"_name\":\"BUILTIN_TASK_COMMAND\",\"_value\":\"\",\"_valueType\":\"string\",\"_hash\":\"0b5d05294fdf4e78e8482ef53eb64ac0\"}"},{"dataType":"ValueEntry","value":"{\"_name\":\"BUILTIN_TASK_ENV\",\"_value\":\"\",\"_valueType\":\"string\",\"_hash\":\"cdcdc2ec8062ca9ec1de46dbf2bbc053\"}"},{"dataType":"ValueEntry","value":"{\"_name\":\"BUILTIN_TASK_TOOLCHAIN\",\"_value\":\"\",\"_valueType\":\"string\",\"_hash\":\"e7f94a9422a8bc317a7d90b58efcb5f6\"}"},{"dataType":"ValueEntry","value":"{\"_name\":\"arkEnable\",\"_value\":true,\"_valueType\":\"boolean\",\"_hash\":\"750b4bda198545a67903dfb3f6a00a95\"}"},{"dataType":"ValueEntry","value":"{\"_name\":\"compatibleSdkVersionStage\",\"_value\":\"\",\"_valueType\":\"string\",\"_hash\":\"713e499a13beffe12f1dfb936f957a2a\"}"},{"dataType":"ValueEntry","value":"{\"_name\":\"compileMode\",\"_value\":\"esmodule\",\"_valueType\":\"string\",\"_hash\":\"dacafc8e0b77a950178a0b4d142dc32c\"}"},{"dataType":"ValueEntry","value":"{\"_name\":\"dependency\",\"_value\":\"[]\",\"_valueType\":\"string\",\"_hash\":\"ac54f3d4ced2d4c1d666d40e4f7c454a\"}"},{"dataType":"ValueEntry","value":"{\"_name\":\"deviceTypes\",\"_value\":[\"default\",\"tablet\"],\"_valueType\":\"object\",\"_hash\":\"0342e19985c07130618d063695ce1f7c\"}"},{"dataType":"ValueEntry","value":"{\"_name\":\"harExcludeHSPDependencies\",\"_valueType\":\"undefined\",\"_hash\":\"441c7ca15ef24eb05ff0b3f48a2c455e\"}"}],"_successful":true,"_projectName":"ohos_pull_to_refresh","_moduleName":"entry","_taskName":"default@ProcessProfile","_key":":ohos_pull_to_refresh:entry:default@ProcessProfile","_executionId":":ohos_pull_to_refresh:entry:default@ProcessProfile:1757499379524","_inputFiles":{"dataType":"Map","value":[["/Users/jason/DevEcoStudioProjects/ohos_pull_to_refresh/entry/build/default/intermediates/merge_profile/default/module.json",{"fileSnapShotHashValue":"edda4f328ebab09af8d2f69513ce116b"}]]},"_outputFiles":{"dataType":"Map","value":[["/Users/jason/DevEcoStudioProjects/ohos_pull_to_refresh/entry/build/default/intermediates/process_profile/default/module.json",{"fileSnapShotHashValue":"9c40ff081baa41d0113dfb5ad46342bd"}]]}},":ohos_pull_to_refresh:library:default@ProcessLibs":{"_inputs":[{"dataType":"ValueEntry","value":"{\"_name\":\"BUILTIN_TASK_COMMAND\",\"_value\":\"\",\"_valueType\":\"string\",\"_hash\":\"0b5d05294fdf4e78e8482ef53eb64ac0\"}"},{"dataType":"ValueEntry","value":"{\"_name\":\"BUILTIN_TASK_ENV\",\"_value\":\"\",\"_valueType\":\"string\",\"_hash\":\"cdcdc2ec8062ca9ec1de46dbf2bbc053\"}"},{"dataType":"ValueEntry","value":"{\"_name\":\"BUILTIN_TASK_TOOLCHAIN\",\"_value\":\"\",\"_valueType\":\"string\",\"_hash\":\"e7f94a9422a8bc317a7d90b58efcb5f6\"}"},{"dataType":"ValueEntry","value":"{\"_name\":\"excludeFromHar\",\"_value\":true,\"_valueType\":\"boolean\",\"_hash\":\"c33cbd85982f2e758a878e3aa30a9f01\"}"},{"dataType":"ValueEntry","value":"{\"_name\":\"isBundledDependencies\",\"_value\":false,\"_valueType\":\"boolean\",\"_hash\":\"a69aa552317c7a6e087cb84a5722e050\"}"},{"dataType":"ValueEntry","value":"{\"_name\":\"isByteCodeHar\",\"_value\":true,\"_valueType\":\"boolean\",\"_hash\":\"530d026140bb1ca73510f7bb41e3aee3\"}"}],"_successful":true,"_projectName":"ohos_pull_to_refresh","_moduleName":"library","_taskName":"default@ProcessLibs","_key":":ohos_pull_to_refresh:library:default@ProcessLibs","_executionId":":ohos_pull_to_refresh:library:default@ProcessLibs:1757499379565","_inputFiles":{"dataType":"Map","value":[["/Users/jason/DevEcoStudioProjects/ohos_pull_to_refresh/build-profile.json5",{"fileSnapShotHashValue":"a3b42c01cefd08660166df57198762f5"}],["/Users/jason/DevEcoStudioProjects/ohos_pull_to_refresh/library/build-profile.json5",{"fileSnapShotHashValue":"c248cf2be8597f67ec74b7479d8c6af1"}]]},"_outputFiles":{"dataType":"Map","value":[["/Users/jason/DevEcoStudioProjects/ohos_pull_to_refresh/library/build/default/intermediates/libs/default",{"isDirectory":true,"fileSnapShotHashValue":""}]]}},":ohos_pull_to_refresh:entry:default@ProcessResource":{"_inputs":[{"dataType":"ValueEntry","value":"{\"_name\":\"/Users/jason/DevEcoStudioProjects/ohos_pull_to_refresh/entry/build/default/intermediates/res/default/opt-compression.json\",\"_value\":\"{\\\"context\\\":{\\\"extensionPath\\\":\\\"/Applications/DevEco-Studio.app/Contents/sdk/default/hms/toolchains/lib/libimage_transcoder_shared.dylib\\\"},\\\"compression\\\":{\\\"media\\\":{\\\"enable\\\":false},\\\"filters\\\":[]}}\",\"_valueType\":\"string\",\"_hash\":\"fd0d6cc2257f78595fa13af4cbc323c0\"}"},{"dataType":"ValueEntry","value":"{\"_name\":\"BUILTIN_TASK_COMMAND\",\"_value\":\"\",\"_valueType\":\"string\",\"_hash\":\"0b5d05294fdf4e78e8482ef53eb64ac0\"}"},{"dataType":"ValueEntry","value":"{\"_name\":\"BUILTIN_TASK_ENV\",\"_value\":\"\",\"_valueType\":\"string\",\"_hash\":\"cdcdc2ec8062ca9ec1de46dbf2bbc053\"}"},{"dataType":"ValueEntry","value":"{\"_name\":\"BUILTIN_TASK_TOOLCHAIN\",\"_value\":\"\",\"_valueType\":\"string\",\"_hash\":\"e7f94a9422a8bc317a7d90b58efcb5f6\"}"},{"dataType":"ValueEntry","value":"{\"_name\":\"ignoreResourcePattern\",\"_value\":\"\",\"_valueType\":\"string\",\"_hash\":\"91136ea01258d75c095a4d97cb3ef218\"}"},{"dataType":"ValueEntry","value":"{\"_name\":\"resConfigJsonContent\",\"_value\":\"{\\\"configPath\\\":\\\"/Users/jason/DevEcoStudioProjects/ohos_pull_to_refresh/entry/build/default/intermediates/process_profile/default/module.json\\\",\\\"packageName\\\":\\\"com.example.pulltorefresh\\\",\\\"output\\\":\\\"/Users/jason/DevEcoStudioProjects/ohos_pull_to_refresh/entry/build/default/intermediates/res/default\\\",\\\"moduleNames\\\":\\\"entry,library\\\",\\\"ResourceTable\\\":[\\\"/Users/jason/DevEcoStudioProjects/ohos_pull_to_refresh/entry/build/default/generated/r/default/ResourceTable.h\\\"],\\\"applicationResource\\\":\\\"/Users/jason/DevEcoStudioProjects/ohos_pull_to_refresh/AppScope/resources\\\",\\\"moduleResources\\\":[\\\"/Users/jason/DevEcoStudioProjects/ohos_pull_to_refresh/entry/src/main/resources\\\"],\\\"dependencies\\\":[\\\"/Users/jason/DevEcoStudioProjects/ohos_pull_to_refresh/library/src/main/resources\\\"],\\\"iconCheck\\\":true,\\\"ids\\\":\\\"/Users/jason/DevEcoStudioProjects/ohos_pull_to_refresh/entry/build/default/intermediates/res/default/ids_map\\\",\\\"definedIds\\\":\\\"/Users/jason/DevEcoStudioProjects/ohos_pull_to_refresh/entry/build/default/intermediates/res/default/ids_map/id_defined.json\\\",\\\"definedSysIds\\\":\\\"/Applications/DevEco-Studio.app/Contents/sdk/default/hms/toolchains/id_defined.json\\\"}\",\"_valueType\":\"string\",\"_hash\":\"2090c224c693217ad6cebf4d06fe59fd\"}"},{"dataType":"ValueEntry","value":"{\"_name\":\"resource_str\",\"_value\":false,\"_valueType\":\"boolean\",\"_hash\":\"c59ebe125e2aaa014a4454c9564cf3c6\"}"}],"_successful":true,"_projectName":"ohos_pull_to_refresh","_moduleName":"entry","_taskName":"default@ProcessResource","_key":":ohos_pull_to_refresh:entry:default@ProcessResource","_executionId":":ohos_pull_to_refresh:entry:default@ProcessResource:1757499067687","_inputFiles":{"dataType":"Map","value":[]},"_outputFiles":{"dataType":"Map","value":[["/Users/jason/DevEcoStudioProjects/ohos_pull_to_refresh/entry/build/default/intermediates/res/default/resConfig.json",{"isDirectory":false,"fileSnapShotHashValue":"0e7344c41702d241a9a98c37fffdbb34"}],["/Users/jason/DevEcoStudioProjects/ohos_pull_to_refresh/entry/build/default/intermediates/res/default/opt-compression.json",{"isDirectory":false,"fileSnapShotHashValue":"825dab0cb36ec614db7788b6f7f16e2f"}]]}},":ohos_pull_to_refresh:library:default@DoNativeStrip":{"_inputs":[{"dataType":"ValueEntry","value":"{\"_name\":\"BUILTIN_TASK_COMMAND\",\"_value\":\"\",\"_valueType\":\"string\",\"_hash\":\"0b5d05294fdf4e78e8482ef53eb64ac0\"}"},{"dataType":"ValueEntry","value":"{\"_name\":\"BUILTIN_TASK_ENV\",\"_value\":\"\",\"_valueType\":\"string\",\"_hash\":\"cdcdc2ec8062ca9ec1de46dbf2bbc053\"}"},{"dataType":"ValueEntry","value":"{\"_name\":\"BUILTIN_TASK_TOOLCHAIN\",\"_value\":\"\",\"_valueType\":\"string\",\"_hash\":\"e7f94a9422a8bc317a7d90b58efcb5f6\"}"},{"dataType":"ValueEntry","value":"{\"_name\":\"debugSymbol\",\"_value\":\"\",\"_valueType\":\"string\",\"_hash\":\"055eeab6818b3f1a4978705cfba272fa\"}"}],"_successful":true,"_projectName":"ohos_pull_to_refresh","_moduleName":"library","_taskName":"default@DoNativeStrip","_key":":ohos_pull_to_refresh:library:default@DoNativeStrip","_executionId":":ohos_pull_to_refresh:library:default@DoNativeStrip:1757499067688","_inputFiles":{"dataType":"Map","value":[["/Users/jason/DevEcoStudioProjects/ohos_pull_to_refresh/library/build/default/intermediates/libs/default",{"isDirectory":true,"fileSnapShotHashValue":""}]]},"_outputFiles":{"dataType":"Map","value":[["/Users/jason/DevEcoStudioProjects/ohos_pull_to_refresh/library/build/default/intermediates/stripped_native_libs/default",{"isDirectory":true,"fileSnapShotHashValue":""}]]}},":ohos_pull_to_refresh:entry:default@CompileResource":{"_inputs":[{"dataType":"ValueEntry","value":"{\"_name\":\"BUILTIN_TASK_COMMAND\",\"_value\":\"/Applications/DevEco-Studio.app/Contents/sdk/default/openharmony/toolchains/restool,-l,/Users/jason/DevEcoStudioProjects/ohos_pull_to_refresh/entry/build/default/intermediates/res/default/resConfig.json\",\"_valueType\":\"string\",\"_hash\":\"e4f53c652323308fcb598a0cecabf3d0\"}"},{"dataType":"ValueEntry","value":"{\"_name\":\"BUILTIN_TASK_ENV\",\"_value\":\"\",\"_valueType\":\"string\",\"_hash\":\"cdcdc2ec8062ca9ec1de46dbf2bbc053\"}"},{"dataType":"ValueEntry","value":"{\"_name\":\"BUILTIN_TASK_TOOLCHAIN\",\"_value\":\"/Applications/DevEco-Studio.app/Contents/sdk/default/openharmony/toolchains/restool\",\"_valueType\":\"string\",\"_hash\":\"fcba0b645b9f3d36b6a4e28393558fe1\"}"},{"dataType":"ValueEntry","value":"{\"_name\":\"TARGET_CONFIG\",\"_value\":\"{\\\"name\\\":\\\"default\\\"}\",\"_valueType\":\"string\",\"_hash\":\"ebe85c5c20c0e5d9e03bc5dc7135f953\"}"},{"dataType":"ValueEntry","value":"{\"_name\":\"useNormalizedOHMUrl\",\"_value\":true,\"_valueType\":\"boolean\",\"_hash\":\"05eabcf12e6fe230e579e0fd37679db6\"}"}],"_successful":true,"_projectName":"ohos_pull_to_refresh","_moduleName":"entry","_taskName":"default@CompileResource","_key":":ohos_pull_to_refresh:entry:default@CompileResource","_executionId":":ohos_pull_to_refresh:entry:default@CompileResource:1757499379568","_inputFiles":{"dataType":"Map","value":[["/Users/jason/DevEcoStudioProjects/ohos_pull_to_refresh/entry/src/main/resources",{"fileSnapShotHashValue":"337d92a9ab3cc93e8267410265b64ca2"}],["/Users/jason/DevEcoStudioProjects/ohos_pull_to_refresh/library/src/main/resources",{"fileSnapShotHashValue":"af032b0004a3d9e235197cff2a114070"}],["/Users/jason/DevEcoStudioProjects/ohos_pull_to_refresh/AppScope/resources",{"fileSnapShotHashValue":"93cdd59ac5c3fe313441d529ee965789"}],["/Users/jason/DevEcoStudioProjects/ohos_pull_to_refresh/entry/build/default/intermediates/process_profile/default/module.json",{"isDirectory":false,"fileSnapShotHashValue":"9c40ff081baa41d0113dfb5ad46342bd"}],["/Users/jason/DevEcoStudioProjects/ohos_pull_to_refresh/entry/build/default/intermediates/res/default/resConfig.json",{"isDirectory":false,"fileSnapShotHashValue":"0e7344c41702d241a9a98c37fffdbb34"}]]},"_outputFiles":{"dataType":"Map","value":[["/Users/jason/DevEcoStudioProjects/ohos_pull_to_refresh/entry/build/default/intermediates/res/default",{"isDirectory":true,"fileSnapShotHashValue":"4fe414547b09ac794ea39fc7c79fd21a"}],["/Users/jason/DevEcoStudioProjects/ohos_pull_to_refresh/entry/build/default/generated/r/default/ResourceTable.h",{"isDirectory":false,"fileSnapShotHashValue":"c0769c5d69dab455e4befbe806a5aa78"}],["/Users/jason/DevEcoStudioProjects/ohos_pull_to_refresh/entry/build/default/generated/r/default",{"isDirectory":true,"fileSnapShotHashValue":"225b145cd926a83c0159ed9e81fd2679"}]]}},":ohos_pull_to_refresh:entry:default@CompileArkTS":{"_inputs":[{"dataType":"ValueEntry","value":"{\"_name\":\"@ohos/pulltorefresh\",\"_value\":\"@ohos/pulltorefresh: file:../library\",\"_valueType\":\"string\",\"_hash\":\"8fd267a20e2aa3990b567af128a1acec\"}"},{"dataType":"ValueEntry","value":"{\"_name\":\"BUILTIN_TASK_COMMAND\",\"_value\":\"\",\"_valueType\":\"string\",\"_hash\":\"0b5d05294fdf4e78e8482ef53eb64ac0\"}"},{"dataType":"ValueEntry","value":"{\"_name\":\"BUILTIN_TASK_ENV\",\"_value\":\"\",\"_valueType\":\"string\",\"_hash\":\"cdcdc2ec8062ca9ec1de46dbf2bbc053\"}"},{"dataType":"ValueEntry","value":"{\"_name\":\"BUILTIN_TASK_TOOLCHAIN\",\"_value\":\"\",\"_valueType\":\"string\",\"_hash\":\"e7f94a9422a8bc317a7d90b58efcb5f6\"}"},{"dataType":"ValueEntry","value":"{\"_name\":\"OBFUSCATION_ENABLE\",\"_value\":\"undefined\",\"_valueType\":\"string\",\"_hash\":\"ff7227e14d015249a3e7d1c72a6f786b\"}"},{"dataType":"ValueEntry","value":"{\"_name\":\"OBFUSCATION_FILES_HASH\",\"_value\":\"\",\"_valueType\":\"string\",\"_hash\":\"616841a75614b9b5411d0f919b6e706e\"}"},{"dataType":"ValueEntry","value":"{\"_name\":\"allowEmptyBundleName\",\"_value\":false,\"_valueType\":\"boolean\",\"_hash\":\"6acf5a8df6f12ae121e3ba79e1028656\"}"},{"dataType":"ValueEntry","value":"{\"_name\":\"ark.tsImportSendable\",\"_value\":false,\"_valueType\":\"boolean\",\"_hash\":\"f04f50b7ce70c30751c6005395587e54\"}"},{"dataType":"ValueEntry","value":"{\"_name\":\"arkTsWdiget\",\"_value\":false,\"_valueType\":\"boolean\",\"_hash\":\"b12526953df011fdbb1a10e071b0de01\"}"},{"dataType":"ValueEntry","value":"{\"_name\":\"autoLazyImport\",\"_value\":false,\"_valueType\":\"boolean\",\"_hash\":\"24b0fbb691e76e9a6e48184604c07d82\"}"},{"dataType":"ValueEntry","value":"{\"_name\":\"caseSensitiveCheck\",\"_value\":false,\"_valueType\":\"boolean\",\"_hash\":\"aad26d12cc6ecf64ecfa582b1a324518\"}"},{"dataType":"ValueEntry","value":"{\"_name\":\"compatibleSdkVersionStage\",\"_value\":\"\",\"_valueType\":\"string\",\"_hash\":\"713e499a13beffe12f1dfb936f957a2a\"}"},{"dataType":"ValueEntry","value":"{\"_name\":\"copyCodeResourceEnable\",\"_value\":true,\"_valueType\":\"boolean\",\"_hash\":\"084896753c9241fa67b75b2bc2137377\"}"},{"dataType":"ValueEntry","value":"{\"_name\":\"copyCodeResourceExcludes\",\"_value\":[],\"_valueType\":\"object\",\"_hash\":\"e07db0531c714b0d8ac1087273a9f13c\"}"},{"dataType":"ValueEntry","value":"{\"_name\":\"customTypes\",\"_value\":\"\",\"_valueType\":\"string\",\"_hash\":\"970a2695bffac1c5a4fa283dc36050e3\"}"},{"dataType":"ValueEntry","value":"{\"_name\":\"debuggable\",\"_value\":true,\"_valueType\":\"boolean\",\"_hash\":\"9317e353a3dfc7a50e38661ad8ff5997\"}"},{"dataType":"ValueEntry","value":"{\"_name\":\"executionMode\",\"_value\":\"memory\",\"_valueType\":\"string\",\"_hash\":\"661401f240a4eb3a63c03697e3941762\"}"},{"dataType":"ValueEntry","value":"{\"_name\":\"isArk\",\"_value\":true,\"_valueType\":\"boolean\",\"_hash\":\"17ecedf2dfb147b839a2b53bbdd3901b\"}"},{"dataType":"ValueEntry","value":"{\"_name\":\"isByteCodeHarOptimize\",\"_value\":false,\"_valueType\":\"boolean\",\"_hash\":\"8bead8cfc37204aef1ea61b5629a86a7\"}"},{"dataType":"ValueEntry","value":"{\"_name\":\"maxFlowDepth\",\"_value\":\"undefined\",\"_valueType\":\"string\",\"_hash\":\"de1a4d5a29eff56412b76304808418a6\"}"},{"dataType":"ValueEntry","value":"{\"_name\":\"needCoverageInsert\",\"_value\":false,\"_valueType\":\"boolean\",\"_hash\":\"581186029b4d8239f5770bb9c4a40772\"}"},{"dataType":"ValueEntry","value":"{\"_name\":\"noExternalImportByPath\",\"_value\":true,\"_valueType\":\"boolean\",\"_hash\":\"72d1789966f06925166815a30f329f54\"}"},{"dataType":"ValueEntry","value":"{\"_name\":\"ohos.uiTransform.Optimization\",\"_value\":false,\"_valueType\":\"boolean\",\"_hash\":\"7b4976989dde6e5f0f32d71194e1fdc3\"}"},{"dataType":"ValueEntry","value":"{\"_name\":\"reExportCheckMode\",\"_value\":\"noCheck\",\"_valueType\":\"string\",\"_hash\":\"6e22a5708b014f7bb7f2d8c867c2c803\"}"},{"dataType":"ValueEntry","value":"{\"_name\":\"transformLib\",\"_value\":\"\",\"_valueType\":\"string\",\"_hash\":\"7d270d0ce7ae5c6e2e32760cb396ea5a\"}"},{"dataType":"ValueEntry","value":"{\"_name\":\"useNormalizedOHMUrl\",\"_value\":true,\"_valueType\":\"boolean\",\"_hash\":\"05eabcf12e6fe230e579e0fd37679db6\"}"}],"_successful":true,"_projectName":"ohos_pull_to_refresh","_moduleName":"entry","_taskName":"default@CompileArkTS","_key":":ohos_pull_to_refresh:entry:default@CompileArkTS","_executionId":":ohos_pull_to_refresh:entry:default@CompileArkTS:1758005885960","_inputFiles":{"dataType":"Map","value":[["/Users/jason/DevEcoStudioProjects/ohos_pull_to_refresh/entry/build/default/intermediates/loader/default",{"isDirectory":true,"fileSnapShotHashValue":"3efd8f57a5d648cb41813a1192eef22b"}],["/Users/jason/DevEcoStudioProjects/ohos_pull_to_refresh/library/index.ets",{"fileSnapShotHashValue":"d12de696b8e0a4d9bd9ef8f5ab2b7b33"}],["/Users/jason/DevEcoStudioProjects/ohos_pull_to_refresh/library/src/main/ets",{"isDirectory":true,"fileSnapShotHashValue":"5944eb975cf21bdab4b0fba15f4a994d"}],["/Users/jason/DevEcoStudioProjects/ohos_pull_to_refresh/entry/build/default/intermediates/res/default/resources/rawfile",{"isDirectory":true,"fileSnapShotHashValue":"aa05e6f75b89b49fbd3af62037385ec4"}],["/Users/jason/DevEcoStudioProjects/ohos_pull_to_refresh/entry/build/default/intermediates/res/default/ResourceTable.txt",{"fileSnapShotHashValue":"6c389d40a4df4dce1991b020b88ec039"}],["/Users/jason/DevEcoStudioProjects/ohos_pull_to_refresh/entry/build/default/intermediates/res/default/ark_module.json",{"fileSnapShotHashValue":"ba4fd5275c824d5acbc5125618e9c86d"}],["/Users/jason/DevEcoStudioProjects/ohos_pull_to_refresh/entry/build/default/intermediates/res/default/resources/base/profile",{"isDirectory":true,"fileSnapShotHashValue":"12dc0e40834b02936144ab0ed8ee17b8"}],["/Users/jason/DevEcoStudioProjects/ohos_pull_to_refresh/entry/src/main/ets",{"isDirectory":true,"fileSnapShotHashValue":"224390200c572260f32fafd04524f46f"}],["/Users/jason/DevEcoStudioProjects/ohos_pull_to_refresh/entry/build/default/intermediates/loader/default/pkgContextInfo.json",{"fileSnapShotHashValue":"62715793f1b6c9e143c45562b8138c1e"}],["/Users/jason/DevEcoStudioProjects/ohos_pull_to_refresh/entry/build/default/generated/profile/default/BuildProfile.ets",{"fileSnapShotHashValue":"f9909c6600ba5626f7f61984f46f7bb7"}],["/Users/jason/DevEcoStudioProjects/ohos_pull_to_refresh/library/BuildProfile.ets",{"fileSnapShotHashValue":"52ba8ceac2c298b9fceaa53df86df8d3"}]]},"_outputFiles":{"dataType":"Map","value":[["/Users/jason/DevEcoStudioProjects/ohos_pull_to_refresh/entry/build/default/intermediates/loader_out/default/ets",{"isDirectory":true,"fileSnapShotHashValue":"aab3c6354837ed8d64438a238ee1c6f9"}]]}},":ohos_pull_to_refresh:entry:default@BuildJS":{"_inputs":[{"dataType":"ValueEntry","value":"{\"_name\":\"debuggable\",\"_value\":true,\"_valueType\":\"boolean\"}"},{"dataType":"ValueEntry","value":"{\"_name\":\"isArk\",\"_value\":true,\"_valueType\":\"boolean\"}"},{"dataType":"ValueEntry","value":"{\"_name\":\"needCoverageInsert\",\"_value\":false,\"_valueType\":\"boolean\"}"},{"dataType":"ValueEntry","value":"{\"_name\":\"ark.tsImportSendable\",\"_value\":false,\"_valueType\":\"boolean\"}"},{"dataType":"ValueEntry","value":"{\"_name\":\"customTypes\",\"_value\":\"\",\"_valueType\":\"string\"}"},{"dataType":"ValueEntry","value":"{\"_name\":\"isByteCodeHarOptimize\",\"_value\":false,\"_valueType\":\"boolean\"}"},{"dataType":"ValueEntry","value":"{\"_name\":\"@ohos/pulltorefresh\",\"_value\":\"@ohos/pulltorefresh: file:../library\",\"_valueType\":\"string\"}"},{"dataType":"ValueEntry","value":"{\"_name\":\"caseSensitiveCheck\",\"_value\":false,\"_valueType\":\"boolean\"}"},{"dataType":"ValueEntry","value":"{\"_name\":\"useNormalizedOHMUrl\",\"_value\":true,\"_valueType\":\"boolean\"}"},{"dataType":"ValueEntry","value":"{\"_name\":\"transformLib\",\"_value\":\"\",\"_valueType\":\"string\"}"},{"dataType":"ValueEntry","value":"{\"_name\":\"compatibleSdkVersionStage\",\"_value\":\"\",\"_valueType\":\"string\"}"},{"dataType":"ValueEntry","value":"{\"_name\":\"autoLazyImport\",\"_value\":false,\"_valueType\":\"boolean\"}"},{"dataType":"ValueEntry","value":"{\"_name\":\"allowEmptyBundleName\",\"_value\":false,\"_valueType\":\"boolean\"}"},{"dataType":"ValueEntry","value":"{\"_name\":\"reExportCheckMode\",\"_value\":\"noCheck\",\"_valueType\":\"string\"}"},{"dataType":"ValueEntry","value":"{\"_name\":\"executionMode\",\"_value\":\"memory\",\"_valueType\":\"string\"}"},{"dataType":"ValueEntry","value":"{\"_name\":\"BUILTIN_TASK_COMMAND\",\"_value\":\"\",\"_valueType\":\"string\"}"},{"dataType":"ValueEntry","value":"{\"_name\":\"BUILTIN_TASK_TOOLCHAIN\",\"_value\":\"\",\"_valueType\":\"string\"}"},{"dataType":"ValueEntry","value":"{\"_name\":\"BUILTIN_TASK_ENV\",\"_value\":\"\",\"_valueType\":\"string\"}"}],"_successful":false,"_projectName":"ohos_pull_to_refresh","_moduleName":"entry","_taskName":"default@BuildJS","_key":":ohos_pull_to_refresh:entry:default@BuildJS","_executionId":":ohos_pull_to_refresh:entry:default@BuildJS:1758010379173","_inputFiles":{"dataType":"Map","value":[["/Users/jason/DevEcoStudioProjects/ohos_pull_to_refresh/entry/build/default/intermediates/loader/default",{"isDirectory":true,"fileSnapShotHashValue":"3efd8f57a5d648cb41813a1192eef22b"}],["/Users/jason/DevEcoStudioProjects/ohos_pull_to_refresh/library/index.ets",{"fileSnapShotHashValue":"d12de696b8e0a4d9bd9ef8f5ab2b7b33"}],["/Users/jason/DevEcoStudioProjects/ohos_pull_to_refresh/entry/build/default/intermediates/res/default/resources/rawfile",{"isDirectory":true,"fileSnapShotHashValue":"aa05e6f75b89b49fbd3af62037385ec4"}],["/Users/jason/DevEcoStudioProjects/ohos_pull_to_refresh/entry/build/default/intermediates/res/default/ResourceTable.txt",{"fileSnapShotHashValue":"6c389d40a4df4dce1991b020b88ec039"}],["/Users/jason/DevEcoStudioProjects/ohos_pull_to_refresh/entry/build/default/intermediates/res/default/ark_module.json",{"fileSnapShotHashValue":"ba4fd5275c824d5acbc5125618e9c86d"}],["/Users/jason/DevEcoStudioProjects/ohos_pull_to_refresh/entry/build/default/intermediates/res/default/resources/base/profile",{"isDirectory":true,"fileSnapShotHashValue":"12dc0e40834b02936144ab0ed8ee17b8"}],["/Users/jason/DevEcoStudioProjects/ohos_pull_to_refresh/entry/build/default/intermediates/loader/default/pkgContextInfo.json",{"fileSnapShotHashValue":"62715793f1b6c9e143c45562b8138c1e"}]]},"_outputFiles":{"dataType":"Map","value":[["/Users/jason/DevEcoStudioProjects/ohos_pull_to_refresh/entry/build/default/intermediates/loader_out/default/js",{"isDirectory":true,"fileSnapShotHashValue":""}]]}},":ohos_pull_to_refresh:entry:default@ProcessLibs":{"_inputs":[{"dataType":"ValueEntry","value":"{\"_name\":\"BUILTIN_TASK_COMMAND\",\"_value\":\"\",\"_valueType\":\"string\",\"_hash\":\"0b5d05294fdf4e78e8482ef53eb64ac0\"}"},{"dataType":"ValueEntry","value":"{\"_name\":\"BUILTIN_TASK_ENV\",\"_value\":\"\",\"_valueType\":\"string\",\"_hash\":\"cdcdc2ec8062ca9ec1de46dbf2bbc053\"}"},{"dataType":"ValueEntry","value":"{\"_name\":\"BUILTIN_TASK_TOOLCHAIN\",\"_value\":\"\",\"_valueType\":\"string\",\"_hash\":\"e7f94a9422a8bc317a7d90b58efcb5f6\"}"},{"dataType":"ValueEntry","value":"{\"_name\":\"excludeFromHar\",\"_value\":true,\"_valueType\":\"boolean\",\"_hash\":\"c33cbd85982f2e758a878e3aa30a9f01\"}"},{"dataType":"ValueEntry","value":"{\"_name\":\"isBundledDependencies\",\"_value\":false,\"_valueType\":\"boolean\",\"_hash\":\"a69aa552317c7a6e087cb84a5722e050\"}"},{"dataType":"ValueEntry","value":"{\"_name\":\"isByteCodeHar\",\"_value\":false,\"_valueType\":\"boolean\",\"_hash\":\"c5f9b9e5cabee4253d52d0d01ca64ba2\"}"}],"_successful":true,"_projectName":"ohos_pull_to_refresh","_moduleName":"entry","_taskName":"default@ProcessLibs","_key":":ohos_pull_to_refresh:entry:default@ProcessLibs","_executionId":":ohos_pull_to_refresh:entry:default@ProcessLibs:1757499379628","_inputFiles":{"dataType":"Map","value":[["/Users/jason/DevEcoStudioProjects/ohos_pull_to_refresh/library/build/default/intermediates/libs/default",{"fileSnapShotHashValue":""}],["/Users/jason/DevEcoStudioProjects/ohos_pull_to_refresh/build-profile.json5",{"fileSnapShotHashValue":"a3b42c01cefd08660166df57198762f5"}],["/Users/jason/DevEcoStudioProjects/ohos_pull_to_refresh/entry/build-profile.json5",{"fileSnapShotHashValue":"e29713c85286dee941339f618cfce922"}]]},"_outputFiles":{"dataType":"Map","value":[["/Users/jason/DevEcoStudioProjects/ohos_pull_to_refresh/entry/build/default/intermediates/libs/default",{"isDirectory":true,"fileSnapShotHashValue":""}]]}},":ohos_pull_to_refresh:entry:default@DoNativeStrip":{"_inputs":[{"dataType":"ValueEntry","value":"{\"_name\":\"BUILTIN_TASK_COMMAND\",\"_value\":\"\",\"_valueType\":\"string\",\"_hash\":\"0b5d05294fdf4e78e8482ef53eb64ac0\"}"},{"dataType":"ValueEntry","value":"{\"_name\":\"BUILTIN_TASK_ENV\",\"_value\":\"\",\"_valueType\":\"string\",\"_hash\":\"cdcdc2ec8062ca9ec1de46dbf2bbc053\"}"},{"dataType":"ValueEntry","value":"{\"_name\":\"BUILTIN_TASK_TOOLCHAIN\",\"_value\":\"\",\"_valueType\":\"string\",\"_hash\":\"e7f94a9422a8bc317a7d90b58efcb5f6\"}"},{"dataType":"ValueEntry","value":"{\"_name\":\"debugSymbol\",\"_value\":\"\",\"_valueType\":\"string\",\"_hash\":\"055eeab6818b3f1a4978705cfba272fa\"}"}],"_successful":true,"_projectName":"ohos_pull_to_refresh","_moduleName":"entry","_taskName":"default@DoNativeStrip","_key":":ohos_pull_to_refresh:entry:default@DoNativeStrip","_executionId":":ohos_pull_to_refresh:entry:default@DoNativeStrip:1757499067762","_inputFiles":{"dataType":"Map","value":[["/Users/jason/DevEcoStudioProjects/ohos_pull_to_refresh/entry/build/default/intermediates/libs/default",{"isDirectory":true,"fileSnapShotHashValue":""}]]},"_outputFiles":{"dataType":"Map","value":[["/Users/jason/DevEcoStudioProjects/ohos_pull_to_refresh/entry/build/default/intermediates/stripped_native_libs/default",{"isDirectory":true,"fileSnapShotHashValue":""}]]}},":ohos_pull_to_refresh:entry:default@CacheNativeLibs":{"_inputs":[{"dataType":"ValueEntry","value":"{\"_name\":\"BUILTIN_TASK_COMMAND\",\"_value\":\"\",\"_valueType\":\"string\",\"_hash\":\"0b5d05294fdf4e78e8482ef53eb64ac0\"}"},{"dataType":"ValueEntry","value":"{\"_name\":\"BUILTIN_TASK_ENV\",\"_value\":\"\",\"_valueType\":\"string\",\"_hash\":\"cdcdc2ec8062ca9ec1de46dbf2bbc053\"}"},{"dataType":"ValueEntry","value":"{\"_name\":\"BUILTIN_TASK_TOOLCHAIN\",\"_value\":\"\",\"_valueType\":\"string\",\"_hash\":\"e7f94a9422a8bc317a7d90b58efcb5f6\"}"},{"dataType":"ValueEntry","value":"{\"_name\":\"debugSymbol\",\"_value\":\"\",\"_valueType\":\"string\",\"_hash\":\"055eeab6818b3f1a4978705cfba272fa\"}"}],"_successful":true,"_projectName":"ohos_pull_to_refresh","_moduleName":"entry","_taskName":"default@CacheNativeLibs","_key":":ohos_pull_to_refresh:entry:default@CacheNativeLibs","_executionId":":ohos_pull_to_refresh:entry:default@CacheNativeLibs:1757499067777","_inputFiles":{"dataType":"Map","value":[["/Users/jason/DevEcoStudioProjects/ohos_pull_to_refresh/entry/build/default/intermediates/stripped_native_libs/default",{"isDirectory":true,"fileSnapShotHashValue":""}],["/Users/jason/DevEcoStudioProjects/ohos_pull_to_refresh/entry/build/default/intermediates/libs/default",{"isDirectory":true,"fileSnapShotHashValue":""}]]},"_outputFiles":{"dataType":"Map","value":[["/Users/jason/DevEcoStudioProjects/ohos_pull_to_refresh/entry/build/default/intermediates/patch/default/base_native_libs.json",{"isDirectory":false,"fileSnapShotHashValue":"bbdb482101ec384d72418c486d5ee9d9"}]]}},":ohos_pull_to_refresh:entry:default@GeneratePkgModuleJson":{"_inputs":[{"dataType":"ValueEntry","value":"{\"_name\":\"BUILTIN_TASK_COMMAND\",\"_value\":\"\",\"_valueType\":\"string\",\"_hash\":\"0b5d05294fdf4e78e8482ef53eb64ac0\"}"},{"dataType":"ValueEntry","value":"{\"_name\":\"BUILTIN_TASK_ENV\",\"_value\":\"\",\"_valueType\":\"string\",\"_hash\":\"cdcdc2ec8062ca9ec1de46dbf2bbc053\"}"},{"dataType":"ValueEntry","value":"{\"_name\":\"BUILTIN_TASK_TOOLCHAIN\",\"_value\":\"\",\"_valueType\":\"string\",\"_hash\":\"e7f94a9422a8bc317a7d90b58efcb5f6\"}"}],"_successful":true,"_projectName":"ohos_pull_to_refresh","_moduleName":"entry","_taskName":"default@GeneratePkgModuleJson","_key":":ohos_pull_to_refresh:entry:default@GeneratePkgModuleJson","_executionId":":ohos_pull_to_refresh:entry:default@GeneratePkgModuleJson:1757499379881","_inputFiles":{"dataType":"Map","value":[["/Users/jason/DevEcoStudioProjects/ohos_pull_to_refresh/entry/build/default/intermediates/res/default/module.json",{"fileSnapShotHashValue":"2f6534ff8673ef534215aa3b61880748"}]]},"_outputFiles":{"dataType":"Map","value":[["/Users/jason/DevEcoStudioProjects/ohos_pull_to_refresh/entry/build/default/intermediates/package/default/module.json",{"fileSnapShotHashValue":"521ecd5efd1535f5d6adfa514cff925c"}]]}},":ohos_pull_to_refresh:entry:default@PackageHap":{"_inputs":[{"dataType":"ValueEntry","value":"{\"_name\":\"BUILTIN_TASK_COMMAND\",\"_value\":\"java,-Dfile.encoding=utf-8,-jar,/Applications/DevEco-Studio.app/Contents/sdk/default/openharmony/toolchains/lib/app_packing_tool.jar,--mode,hap,--force,true,--lib-path,/Users/jason/DevEcoStudioProjects/ohos_pull_to_refresh/entry/build/default/intermediates/stripped_native_libs/default,--json-path,/Users/jason/DevEcoStudioProjects/ohos_pull_to_refresh/entry/build/default/intermediates/package/default/module.json,--resources-path,/Users/jason/DevEcoStudioProjects/ohos_pull_to_refresh/entry/build/default/intermediates/res/default/resources,--index-path,/Users/jason/DevEcoStudioProjects/ohos_pull_to_refresh/entry/build/default/intermediates/res/default/resources.index,--pack-info-path,/Users/jason/DevEcoStudioProjects/ohos_pull_to_refresh/entry/build/default/outputs/default/pack.info,--out-path,/Users/jason/DevEcoStudioProjects/ohos_pull_to_refresh/entry/build/default/outputs/default/entry-default-unsigned.hap,--ets-path,/Users/jason/DevEcoStudioProjects/ohos_pull_to_refresh/entry/build/default/intermediates/loader_out/default/ets,--pkg-context-path,/Users/jason/DevEcoStudioProjects/ohos_pull_to_refresh/entry/build/default/intermediates/loader/default/pkgContextInfo.json\",\"_valueType\":\"string\",\"_hash\":\"fe9e21cd9ed9a1408f3b702571d7cf27\"}"},{"dataType":"ValueEntry","value":"{\"_name\":\"BUILTIN_TASK_ENV\",\"_value\":\"\",\"_valueType\":\"string\",\"_hash\":\"cdcdc2ec8062ca9ec1de46dbf2bbc053\"}"},{"dataType":"ValueEntry","value":"{\"_name\":\"BUILTIN_TASK_TOOLCHAIN\",\"_value\":\"/Applications/DevEco-Studio.app/Contents/sdk/default/openharmony/toolchains/lib/app_packing_tool.jar\",\"_valueType\":\"string\",\"_hash\":\"0eacd0ed64d3f8899a302843fe1d46ad\"}"},{"dataType":"ValueEntry","value":"{\"_name\":\"bundleType\",\"_value\":\"app\",\"_valueType\":\"string\",\"_hash\":\"52d51b7a536b92694516aaef4862f108\"}"},{"dataType":"ValueEntry","value":"{\"_name\":\"hotReload\",\"_value\":false,\"_valueType\":\"boolean\",\"_hash\":\"5ac751c77a9acfe5e8b96c28ebdbaeed\"}"},{"dataType":"ValueEntry","value":"{\"_name\":\"integrated_hsp\",\"_value\":false,\"_valueType\":\"boolean\",\"_hash\":\"2538281751f182d9123d2ab28efaf9be\"}"},{"dataType":"ValueEntry","value":"{\"_name\":\"projectConfigAppOpt\",\"_valueType\":\"undefined\",\"_hash\":\"b52997704fa206ed96a13a1f2e464a85\"}"},{"dataType":"ValueEntry","value":"{\"_name\":\"sourceMapDir\",\"_value\":\"\",\"_valueType\":\"string\",\"_hash\":\"c5d87571127f849274031c5a70f3fcd9\"}"}],"_successful":true,"_projectName":"ohos_pull_to_refresh","_moduleName":"entry","_taskName":"default@PackageHap","_key":":ohos_pull_to_refresh:entry:default@PackageHap","_executionId":":ohos_pull_to_refresh:entry:default@PackageHap:1758005889313","_inputFiles":{"dataType":"Map","value":[["/Users/jason/DevEcoStudioProjects/ohos_pull_to_refresh/entry/build/default/intermediates/stripped_native_libs/default",{"isDirectory":false,"fileSnapShotHashValue":""}],["/Users/jason/DevEcoStudioProjects/ohos_pull_to_refresh/entry/build/default/intermediates/res/default/module.json",{"isDirectory":false,"fileSnapShotHashValue":"2f6534ff8673ef534215aa3b61880748"}],["/Users/jason/DevEcoStudioProjects/ohos_pull_to_refresh/entry/build/default/intermediates/res/default/resources",{"isDirectory":false,"fileSnapShotHashValue":"3c5df3a508eb86e4aec98eda8b8321ef"}],["/Users/jason/DevEcoStudioProjects/ohos_pull_to_refresh/entry/build/default/intermediates/res/default/resources.index",{"isDirectory":false,"fileSnapShotHashValue":"b249f231c41a876f8d40551b2ac22f89"}],["/Users/jason/DevEcoStudioProjects/ohos_pull_to_refresh/entry/build/default/outputs/default/pack.info",{"isDirectory":false,"fileSnapShotHashValue":"7286bb02110b9c1eaf2d219b0a590249"}],["/Users/jason/DevEcoStudioProjects/ohos_pull_to_refresh/entry/build/default/intermediates/loader_out/default/ets",{"isDirectory":false,"fileSnapShotHashValue":"aab3c6354837ed8d64438a238ee1c6f9"}],["/Users/jason/DevEcoStudioProjects/ohos_pull_to_refresh/entry/build/default/intermediates/loader/default/pkgContextInfo.json",{"isDirectory":false,"fileSnapShotHashValue":"62715793f1b6c9e143c45562b8138c1e"}],["/Users/jason/DevEcoStudioProjects/ohos_pull_to_refresh/entry/build/default/intermediates/loader_out/default/ets/sourceMaps.map",{"isDirectory":false,"fileSnapShotHashValue":"7594f19bb4e0a990948b8000a1179c20"}],["/Users/jason/DevEcoStudioProjects/ohos_pull_to_refresh/entry/build/default/generated/profile/default/BuildProfile.ets",{"fileSnapShotHashValue":"f9909c6600ba5626f7f61984f46f7bb7"}]]},"_outputFiles":{"dataType":"Map","value":[["/Users/jason/DevEcoStudioProjects/ohos_pull_to_refresh/entry/build/default/outputs/default/entry-default-unsigned.hap",{"isDirectory":false,"fileSnapShotHashValue":"188b385a12a8a83057a756525460fe36"}],["/Users/jason/DevEcoStudioProjects/ohos_pull_to_refresh/entry/build/default/intermediates/source_map/default/sourceMaps.map",{"fileSnapShotHashValue":"110ea35f7ad8b4ca22d1847b49714b3a"}],["/Users/jason/DevEcoStudioProjects/ohos_pull_to_refresh/entry/build/default/outputs/default/mapping/sourceMaps.map",{"fileSnapShotHashValue":"182131da815f71af85a699d2098440f0"}]]}},":ohos_pull_to_refresh:entry:default@SignHap":{"_inputs":[{"dataType":"ValueEntry","value":"{\"_name\":\"BUILTIN_TASK_COMMAND\",\"_value\":\"\",\"_valueType\":\"string\",\"_hash\":\"0b5d05294fdf4e78e8482ef53eb64ac0\"}"},{"dataType":"ValueEntry","value":"{\"_name\":\"BUILTIN_TASK_ENV\",\"_value\":\"\",\"_valueType\":\"string\",\"_hash\":\"cdcdc2ec8062ca9ec1de46dbf2bbc053\"}"},{"dataType":"ValueEntry","value":"{\"_name\":\"BUILTIN_TASK_TOOLCHAIN\",\"_value\":\"\",\"_valueType\":\"string\",\"_hash\":\"e7f94a9422a8bc317a7d90b58efcb5f6\"}"},{"dataType":"ValueEntry","value":"{\"_name\":\"enableSignTask\",\"_value\":true,\"_valueType\":\"boolean\",\"_hash\":\"910298825388ce24c00cb3c1aeb80caa\"}"},{"dataType":"ValueEntry","value":"{\"_name\":\"existMaterial\",\"_value\":true,\"_valueType\":\"boolean\",\"_hash\":\"93dc57ba6785b4754ab913cd6a94a2d4\"}"},{"dataType":"ValueEntry","value":"{\"_name\":\"existSigningConfig\",\"_value\":true,\"_valueType\":\"boolean\",\"_hash\":\"0a625026bbf59499155e2fd8a2f97c6e\"}"},{"dataType":"ValueEntry","value":"{\"_name\":\"sdkToolchainsComponentVersion\",\"_value\":\"5.1.1.202\",\"_valueType\":\"string\",\"_hash\":\"563d9bcc281cd01fa8ec07aebc54544a\"}"},{"dataType":"ValueEntry","value":"{\"_name\":\"signingConfig_keyAlias\",\"_value\":\"debugKey\",\"_valueType\":\"string\",\"_hash\":\"4c07b0ee3239f12b1e68b46f50f552cb\"}"},{"dataType":"ValueEntry","value":"{\"_name\":\"signingConfig_keyPassword\",\"_value\":\"0000001B2803ABDE20EC4B9F8B5B10FDE11E772D1CB7B886131154FE1F5803E5CE7461A6EEA3692FA9CF7B\",\"_valueType\":\"string\",\"_hash\":\"1dcd7c735fda126220a1e25c616c58e5\"}"},{"dataType":"ValueEntry","value":"{\"_name\":\"signingConfig_name\",\"_value\":\"default\",\"_valueType\":\"string\",\"_hash\":\"8b60e376556ce51d68b5485c5f79822c\"}"},{"dataType":"ValueEntry","value":"{\"_name\":\"signingConfig_signAlg\",\"_value\":\"SHA256withECDSA\",\"_valueType\":\"string\",\"_hash\":\"6914b6129327418a0e5596a96e0d04c2\"}"},{"dataType":"ValueEntry","value":"{\"_name\":\"signingConfig_storePassword\",\"_value\":\"0000001B2C0DB9CC0BC48DC27FC087EC6217E436C364973A024B521D8EBADE502659749F14947930DDC8AC\",\"_valueType\":\"string\",\"_hash\":\"1f853a3d4cd40ee5aec98aeac3ec599f\"}"},{"dataType":"ValueEntry","value":"{\"_name\":\"signingConfig_type\",\"_value\":\"HarmonyOS\",\"_valueType\":\"string\",\"_hash\":\"7d6077786f4ba499719f9cf052004f2a\"}"}],"_successful":true,"_projectName":"ohos_pull_to_refresh","_moduleName":"entry","_taskName":"default@SignHap","_key":":ohos_pull_to_refresh:entry:default@SignHap","_executionId":":ohos_pull_to_refresh:entry:default@SignHap:1758005889507","_inputFiles":{"dataType":"Map","value":[["/Users/jason/.ohos/config/default_ohos_pull_to_refresh_rM0qZImtrUvItEvM0UtmBUOMYy0U9T6ddxtSH4twMSk=.cer",{"isDirectory":false,"fileSnapShotHashValue":"4de355702d8e1968deeb6e0dd28ed156"}],["/Users/jason/.ohos/config/default_ohos_pull_to_refresh_rM0qZImtrUvItEvM0UtmBUOMYy0U9T6ddxtSH4twMSk=.p7b",{"isDirectory":false,"fileSnapShotHashValue":"cc6d0e976f04387ce1aa5a445d65405d"}],["/Users/jason/.ohos/config/default_ohos_pull_to_refresh_rM0qZImtrUvItEvM0UtmBUOMYy0U9T6ddxtSH4twMSk=.p12",{"isDirectory":false,"fileSnapShotHashValue":"a82f3503a2b74c5c0f4972ec20e119d6"}],["/Users/jason/DevEcoStudioProjects/ohos_pull_to_refresh/entry/build/default/outputs/default/entry-default-unsigned.hap",{"isDirectory":false,"fileSnapShotHashValue":"188b385a12a8a83057a756525460fe36"}]]},"_outputFiles":{"dataType":"Map","value":[["/Users/jason/DevEcoStudioProjects/ohos_pull_to_refresh/entry/build/default/outputs/default/entry-default-signed.hap",{"isDirectory":false,"fileSnapShotHashValue":"0719bbc2818446f549f8fb4119453a00"}]]}},":ohos_pull_to_refresh:entry:default@CollectDebugSymbol":{"_inputs":[{"dataType":"ValueEntry","value":"{\"_name\":\"BUILTIN_TASK_COMMAND\",\"_value\":\"\",\"_valueType\":\"string\"}"},{"dataType":"ValueEntry","value":"{\"_name\":\"BUILTIN_TASK_TOOLCHAIN\",\"_value\":\"\",\"_valueType\":\"string\"}"},{"dataType":"ValueEntry","value":"{\"_name\":\"BUILTIN_TASK_ENV\",\"_value\":\"\",\"_valueType\":\"string\"}"}],"_successful":false,"_projectName":"ohos_pull_to_refresh","_moduleName":"entry","_taskName":"default@CollectDebugSymbol","_key":":ohos_pull_to_refresh:entry:default@CollectDebugSymbol","_executionId":":ohos_pull_to_refresh:entry:default@CollectDebugSymbol:1758010379177","_inputFiles":{"dataType":"Map","value":[["/Users/jason/DevEcoStudioProjects/ohos_pull_to_refresh/entry/build/default/intermediates/loader_out/default/ets/sourceMaps.map",{"fileSnapShotHashValue":"7594f19bb4e0a990948b8000a1179c20"}],["/Users/jason/DevEcoStudioProjects/ohos_pull_to_refresh/entry/build/default/intermediates/libs/default",{"isDirectory":true,"fileSnapShotHashValue":""}]]},"_outputFiles":{"dataType":"Map","value":[["/Users/jason/DevEcoStudioProjects/ohos_pull_to_refresh/entry/build/default/outputs/default/symbol",{"isDirectory":true,"fileSnapShotHashValue":""}]]}}}