<?xml version="1.0" encoding="UTF-8"?>
<!-- Copyright (c) 2021 Huawei Device Co., Ltd.

     Licensed under the Apache License, Version 2.0 (the "License");
     you may not use this file except in compliance with the License.
     You may obtain a copy of the License at

          http://www.apache.org/licenses/LICENSE-2.0

     Unless required by applicable law or agreed to in writing, software
     distributed under the License is distributed on an "AS IS" BASIS,
     WITHOUT WARRANTIES OR CONDITIONS OF ANY KIND, either express or implied.
     See the License for the specific language governing permissions and
     limitations under the License.

    This is the configuration file template for OpenHarmony OSS Audit Tool, please copy it to your project root dir and modify it refer to OpenHarmony/tools_oat/README.

-->
<configuration>
    <oatconfig>
        <filefilterlist>
            <filefilter name="copyrightPolicyFilter" desc="Filters for compatibility，license header policies">
                <filteritem type="filename" name="hvigorfile.js" desc="hvigor配置文件，DevEco Studio自动生成，不手动修改"/>
                <filteritem type="filename" name="*.json5" desc="hvigor配置文件，DevEco Studio自动生成，不手动修改"/>
                <filteritem type="filename" name="*.json5" desc="hvigor配置文件，DevEco Studio自动生成，不手动修改"/>
                <filteritem type="filename" name="hvigorw.bat" desc="hvigorw配置文件，DevEco Studio自动生成，不手动修改"/>
                <filteritem type="filename" name="hvigorw" desc="hvigorw配置文件，DevEco Studio自动生成，不手动修改"/>
                <filteritem type="filepath" name="hvigor/hvigor-wrapper.js" desc="配置文件，DevEco Studio自动生成，不手动修改"/>
                <filteritem
                        desc="hvigor配置文件，DevEco Studio自动生成，不手动修改"
                        name="hvigorfile.ts"
                        type="filename"/>
                <filteritem type="filename" name="hvigorfile.*" desc="hvigor配置文件，DevEco Studio自动生成，不手动修改"/>
            </filefilter>
            <filefilter name="defaultPolicyFilter" desc="Filters for compatibility，license header policies">
                <filteritem type="filename" name="hvigorfile.js" desc="hvigor配置文件，DevEco Studio自动生成，不手动修改"/>
                <filteritem type="filename" name="hvigorfile.*" desc="hvigor配置文件，DevEco Studio自动生成，不手动修改"/>
                <filteritem type="filename" name="*.json5" desc="hvigor配置文件，DevEco Studio自动生成，不手动修改"/>
                <filteritem type="filename" name="hvigorw.bat" desc="hvigorw配置文件，DevEco Studio自动生成，不手动修改"/>
                <filteritem type="filename" name="hvigorw" desc="hvigorw配置文件，DevEco Studio自动生成，不手动修改"/>
                <filteritem type="filepath" name="hvigor/hvigor-wrapper.js" desc="配置文件，DevEco Studio自动生成，不手动修改"/>
            </filefilter>
            <filefilter name="binaryFileTypePolicyFilter" desc="Filters for binary file policies">
                <filteritem type="filename" name="*.gif" desc="gif图片格式文件,用于展示示例"/>
                <filteritem type="filename" name="*.png" desc="gif图片格式文件,用于展示示例"/>
                <filteritem type="filename" name="*.jpg" desc="gif图片格式文件,用于展示示例"/>
            </filefilter>
        </filefilterlist>
    </oatconfig>
</configuration>