{
  "string": [
    {
      "name": "quickStart",
      "value": "快速使用"
    },
    {
      "name": "customConfig",
      "value": "设置属性"
    },
    {
      "name": "customRefreshAnim",
      "value": "自定义下拉动画"
    },
    {
      "name": "fullScreen",
      "value": "满屏下展示页面"
    },
    {
      "name": "tabsTestPage",
      "value": "Tab配合PullToRefresh"
    },
    {
      "name": "lazyForEachGuide",
      "value": "使用lazyForEach展示页面"
    },
    {
      "name": "PersonalCenter1",
      "value": "个人中心1"
    },
    {
      "name": "PersonalCenter2",
      "value": "个人中心2"
    },
    {
      "name": "PersonalCenter3",
      "value": "个人中心3"
    },
    {
      "name": "MyComments",
      "value": "我的评论"
    },
    {
      "name": "MyReleases",
      "value": "我的发布"
    },
    {
      "name": "RelatedToMe",
      "value": "与我相关"
    },
    {
      "name": "Settings",
      "value": "设置"
    },
    {
      "name": "AddedEntry",
      "value": "增加的条目"
    },
    {
      "name": "RefreshSuccessful",
      "value": "刷新成功"
    },
    {
      "name": "Please_continue_pull_up",
      "value": "请继续上拉..."
    },
    {
      "name": "Release_refresh",
      "value": "释放即可刷新"
    },
    {
      "name": "Loading",
      "value": "加载中..."
    }
  ]
}