{
  "HVIGOR_OHOS_PLUGIN": {
    "MODULES": [
      {
        "MODULE_NAME": "1043bfc77febe75fafec0c4309faccf1",
        "API_TYPE": "stageMode"
      },
      {
        "MODULE_NAME": "d521f765a49c72507257a2620612ee96",
        "API_TYPE": "stageMode"
      }
    ],
    "NATIVE_COMPILER": "Default",
    "BUILD_MODE": "debug"
  },
  "HVIGOR": {
    "IS_INCREMENTAL": true,
    "IS_DAEMON": true,
    "IS_PARALLEL": true,
    "IS_HVIGORFILE_TYPE_CHECK": false,
    "TASK_TIME": {
      "1043bfc77febe75fafec0c4309faccf1": {
        "CreateModuleInfo": 169000,
        "PreCheckSyscap": 109958,
        "ProcessIntegratedHsp": 204375,
        "SyscapTransform": 481625,
        "ProcessStartupConfig": 445250,
        "ConfigureCmake": 115416,
        "BuildNativeWithCmake": 111667,
        "BuildNativeWithNinja": 138792,
        "BuildJS": 274083,
        "CollectDebugSymbol": 290334,
        "assembleHap": 62250
      },
      "d521f765a49c72507257a2620612ee96": {
        "ConfigureCmake": 120250,
        "BuildNativeWithCmake": 113292,
        "BuildNativeWithNinja": 194333
      }
    },
    "APIS": [
      "getHvigorConfig",
      "getRootNodeDescriptor",
      "getChildNode",
      "getNodeByName",
      "getAllNodes",
      "getRootNode",
      "getNodeName",
      "getNodePath",
      "subNodes",
      "getExtraOption",
      "getExtParam",
      "getExtParams",
      "getProperty",
      "getProperties",
      "getProductName",
      "nodesEvaluated",
      "getParameter",
      "getCommandEntryTask"
    ],
    "CONFIG_PROPERTIES": {
      "enableSignTask": true,
      "skipNativeIncremental": false,
      "hvigor_keepDependency": true
    },
    "TOTAL_TIME": 104112000,
    "BUILD_ID": "202509161612590740"
  }
}